id,type,title,description,category,tags,thumbnail_url,download_url,external_url,content,is_active,created_at,slug,file_size,page_count,word_count,format,source_url,preview_image_url,sort_order
dc4a0cbd-ae92-4a78-ad82-3956b40ee099,ebook,Print on Demand Profits,How to build a POD empire with zero inventory.,master_library,"{pod,ecommerce,print}",https://entrepedia-products.com/app/book-cover-templates/Cover-7.jpeg,,,"{""level"": ""beginner"", ""pages"": 110, ""format"": ""PDF""}",f,2026-03-05 16:54:45.818965+00,print-on-demand-profits,,,,,,,0
03843a9b-9108-4301-b832-637751f23371,course,Canva for Digital Products,Design stunning digital products using Canva — no design skills needed.,master_library,"{canva,design,tools}",https://entrepedia-products.com/app/book-cover-templates/Cover-8.jpeg,,,"{""level"": ""beginner"", ""lessons"": 8, ""duration"": ""3 hours""}",f,2026-03-05 16:54:45.818965+00,canva-for-digital-products,,,,,,,0
dadfa3d3-5e13-444e-b9eb-5a3d628c9aa4,course,Digital Product Foundations,Learn the fundamentals of creating and selling digital products online.,university,"{foundation,beginner}",https://entrepedia-products.com/app/book-cover-templates/Cover-10.jpeg,,,"{""level"": ""beginner"", ""lessons"": 15, ""modules"": [""Introduction"", ""Market Research"", ""Product Creation"", ""Pricing"", ""Launch""], ""duration"": ""6 hours""}",f,2026-03-05 16:54:45.818965+00,digital-product-foundations,,,,,,,0
afadea5c-2ce6-4f9c-9d5e-76af003b6dc5,tool,AI Product Description Generator,Generate compelling product descriptions with AI.,tools,"{ai,descriptions,copy}",https://entrepedia-products.com/app/book-cover-templates/Cover-60.jpeg,,,"{""toolKey"": ""product_descriptions"", ""inputFields"": [""productName"", ""features"", ""targetAudience"", ""tone""]}",t,2026-03-05 16:54:45.818965+00,ai-product-description-generator,,,,,,,0
0268d360-fe88-4f5f-b221-75ba5896731f,ebook,SEO for Digital Products,Drive organic traffic to your digital product listings.,master_library,"{seo,traffic,organic,Marketing}",https://entrepedia-products.com/app/book-cover-templates/Cover-5.jpeg,,,"{""level"": ""intermediate"", ""pages"": 78, ""format"": ""PDF""}",f,2026-03-05 16:54:45.818965+00,seo-for-digital-products,,,,,,,0
16221e60-3dd2-4dd4-af49-1ac612c6e076,course,Advanced Sales Funnels,Build high-converting sales funnels for your digital products.,university,"{funnels,advanced,sales}",https://entrepedia-products.com/app/book-cover-templates/Cover-11.jpeg,,,"{""level"": ""advanced"", ""lessons"": 20, ""modules"": [""Funnel Psychology"", ""Landing Pages"", ""Upsells"", ""Automation""], ""duration"": ""8 hours""}",f,2026-03-05 16:54:45.818965+00,advanced-sales-funnels,,,,,,,0
94bf86a3-30b2-425e-8d8b-1302283032b2,template,Social Media Content Calendar,Ready-to-use 90-day content planning template for all platforms.,master_library,"{""social media"",template,planning}",https://entrepedia-products.com/app/book-cover-templates/Cover-3.jpeg,,,"{""format"": ""XLSX"", ""platforms"": [""Instagram"", ""TikTok"", ""YouTube""]}",f,2026-03-05 16:54:45.818965+00,social-media-content-calendar,,,,,,,0
b15529ea-02f9-4439-824f-aca47814781e,course,Content Marketing Masterclass,Create content that drives traffic and converts to sales.,university,"{content,marketing,traffic}",https://entrepedia-products.com/app/book-cover-templates/Cover-12.jpeg,,,"{""level"": ""intermediate"", ""lessons"": 18, ""modules"": [""Strategy"", ""SEO Writing"", ""Video Content"", ""Distribution""], ""duration"": ""7 hours""}",f,2026-03-05 16:54:45.818965+00,content-marketing-masterclass,,,,,,,0
e3b717fb-9d55-478e-a6a0-32d149d527e7,course,Pricing Psychology,Master pricing strategies that maximize your digital product revenue.,university,"{pricing,psychology,revenue}",https://entrepedia-products.com/app/book-cover-templates/Cover-13.jpeg,,,"{""level"": ""intermediate"", ""lessons"": 10, ""modules"": [""Anchoring"", ""Bundling"", ""Tiered Pricing"", ""Dynamic Pricing""], ""duration"": ""4 hours""}",f,2026-03-05 16:54:45.818965+00,pricing-psychology,,,,,,,0
a59486c6-fc7b-4379-8b82-cc6330afc381,course,Community Building for Creators,Build and monetize an engaged community around your brand.,university,"{community,engagement,monetization}",https://entrepedia-products.com/app/book-cover-templates/Cover-14.jpeg,,,"{""level"": ""beginner"", ""lessons"": 14, ""modules"": [""Platform Selection"", ""Engagement"", ""Monetization"", ""Scaling""], ""duration"": ""5 hours""}",f,2026-03-05 16:54:45.818965+00,community-building-for-creators,,,,,,,0
0d533f55-11c8-4cf3-9fa7-5a6febb88f5e,course,Automation & Systems,Automate your digital product business for hands-off income.,university,"{automation,systems,scaling}",https://entrepedia-products.com/app/book-cover-templates/Cover-15.jpeg,,,"{""level"": ""advanced"", ""lessons"": 16, ""modules"": [""Email Sequences"", ""Fulfillment"", ""Customer Support"", ""Analytics""], ""duration"": ""6 hours""}",f,2026-03-05 16:54:45.818965+00,automation-systems,,,,,,,0
612e5600-18b2-45d0-afb5-255a9c58c124,ebook,Weight Loss & Fitness Niche,Evergreen product ideas for the $72B fitness industry.,evergreen,"{health,fitness,niche}",https://entrepedia-products.com/app/book-cover-templates/Cover-20.jpeg,,,"{""pages"": 45, ""format"": ""PDF"", ""marketSize"": ""$72B""}",f,2026-03-05 16:54:45.818965+00,weight-loss-fitness-niche,,,,,,,0
e63887cc-6dcf-4f10-9519-1617b95b43da,ebook,Personal Finance Templates,Budget planners and financial trackers that sell year-round.,evergreen,"{finance,budget,templates}",https://entrepedia-products.com/app/book-cover-templates/Cover-21.jpeg,,,"{""pages"": 30, ""format"": ""PDF+XLSX"", ""marketSize"": ""$28B""}",f,2026-03-05 16:54:45.818965+00,personal-finance-templates,,,,,,,0
be419498-62a2-427c-8efb-f6922f24e47a,ebook,Relationship & Dating Guides,High-demand relationship advice products for all seasons.,evergreen,"{relationships,dating,guides}",https://entrepedia-products.com/app/book-cover-templates/Cover-22.jpeg,,,"{""pages"": 55, ""format"": ""PDF"", ""marketSize"": ""$3B""}",f,2026-03-05 16:54:45.818965+00,relationship-dating-guides,,,,,,,0
5068502c-1235-40e4-8059-49bd2b4e1856,ebook,Pet Care & Training,Digital products for the booming pet industry.,evergreen,"{pets,training,niche}",https://entrepedia-products.com/app/book-cover-templates/Cover-23.jpeg,,,"{""pages"": 40, ""format"": ""PDF"", ""marketSize"": ""$261B""}",f,2026-03-05 16:54:45.818965+00,pet-care-training,,,,,,,0
e1880d59-688b-4287-ae9a-218c75536dea,ebook,Passive Income Mastery,Learn 15 proven passive income streams for digital entrepreneurs.,master_library,"{income,passive,strategy}",https://entrepedia-products.com/app/book-cover-templates/Cover-2.jpeg,,,"{""level"": ""intermediate"", ""pages"": 95, ""format"": ""PDF""}",f,2026-03-05 16:54:45.818965+00,passive-income-mastery,,,,,,,0
ed8b857d-2e33-43cb-87d5-d4e7052a8fd6,template,Recipe & Meal Planning,Meal prep templates and recipe ebook frameworks.,evergreen,"{food,recipes,""meal prep""}",https://entrepedia-products.com/app/book-cover-templates/Cover-24.jpeg,,,"{""format"": ""PDF+Canva"", ""marketSize"": ""$11B""}",f,2026-03-05 16:54:45.818965+00,recipe-meal-planning,,,,,,,0
15920247-f78d-497a-865c-ef8b27941a0b,ebook,Parenting & Baby Products,New parent guides and baby milestone trackers.,evergreen,"{parenting,baby,family}",https://entrepedia-products.com/app/book-cover-templates/Cover-25.jpeg,,,"{""pages"": 60, ""format"": ""PDF"", ""marketSize"": ""$67B""}",f,2026-03-05 16:54:45.818965+00,parenting-baby-products,,,,,,,0
63d94e31-4218-421d-833f-1f7fa94c3e32,ebook,Self-Improvement & Mindset,"Journals, planners, and guides for personal growth.",evergreen,"{self-help,mindset,growth}",https://entrepedia-products.com/app/book-cover-templates/Cover-26.jpeg,,,"{""pages"": 50, ""format"": ""PDF"", ""marketSize"": ""$44B""}",f,2026-03-05 16:54:45.818965+00,self-improvement-mindset,,,,,,,0
30a6e55c-c2bc-435d-94fa-cd00cee81179,template,Resume & Career Templates,"Professional resume, cover letter, and LinkedIn templates.",evergreen,"{career,resume,templates}",https://entrepedia-products.com/app/book-cover-templates/Cover-27.jpeg,,,"{""format"": ""DOCX+PDF"", ""marketSize"": ""$4B""}",f,2026-03-05 16:54:45.818965+00,resume-career-templates,,,,,,,0
c0aead08-fdc4-4009-ab39-2269af6087c5,mockup,Ebook Mockup — Tablet View,3D tablet mockup for ebook covers.,mockups,"{ebook,tablet,3d}",https://entrepedia-products.com/app/book-cover-templates/Cover-30.jpeg,,,"{""format"": ""PSD+PNG"", ""dimensions"": ""2000x1500""}",f,2026-03-05 16:54:45.818965+00,ebook-mockup-tablet-view,,,,,,,0
af939762-5b60-4a6f-a3b6-258e320e9c1b,mockup,Course Bundle Mockup,Multi-device course bundle display mockup.,mockups,"{course,bundle,devices}",https://entrepedia-products.com/app/book-cover-templates/Cover-31.jpeg,,,"{""format"": ""PSD+PNG"", ""dimensions"": ""2500x1800""}",f,2026-03-05 16:54:45.818965+00,course-bundle-mockup,,,,,,,0
66645235-0b5b-496d-9944-dfb9b13f1b67,mockup,Workbook Spiral Mockup,Realistic spiral-bound workbook mockup.,mockups,"{workbook,spiral,print}",https://entrepedia-products.com/app/book-cover-templates/Cover-32.jpeg,,,"{""format"": ""PSD"", ""dimensions"": ""2000x2000""}",f,2026-03-05 16:54:45.818965+00,workbook-spiral-mockup,,,,,,,0
6392111a-b827-4715-b742-da1f98610c2b,mockup,Membership Site Mockup,Laptop screen mockup for membership sites.,mockups,"{membership,laptop,screen}",https://entrepedia-products.com/app/book-cover-templates/Cover-33.jpeg,,,"{""format"": ""PSD+PNG"", ""dimensions"": ""2400x1600""}",f,2026-03-05 16:54:45.818965+00,membership-site-mockup,,,,,,,0
6c65f6ce-0821-4ffd-b15c-f3d6ba51da6c,mockup,Social Media Post Mockup,Instagram and Facebook post display mockup.,mockups,"{social,instagram,facebook}",https://entrepedia-products.com/app/book-cover-templates/Cover-34.jpeg,,,"{""format"": ""PSD"", ""dimensions"": ""1080x1080""}",f,2026-03-05 16:54:45.818965+00,social-media-post-mockup,,,,,,,0
e1dc3b90-eb4e-431f-a126-c2c235219f5c,mockup,Product Box Mockup,3D software box mockup for digital products.,mockups,"{box,3d,software}",https://entrepedia-products.com/app/book-cover-templates/Cover-35.jpeg,,,"{""format"": ""PSD+PNG"", ""dimensions"": ""2000x2000""}",f,2026-03-05 16:54:45.818965+00,product-box-mockup,,,,,,,0
95938f05-c0cd-4cbb-aaa2-3b030575b3c7,mockup,Phone App Mockup,iPhone mockup for app and mobile product display.,mockups,"{phone,app,mobile}",https://entrepedia-products.com/app/book-cover-templates/Cover-36.jpeg,,,"{""format"": ""PSD"", ""dimensions"": ""1200x2400""}",f,2026-03-05 16:54:45.818965+00,phone-app-mockup,,,,,,,0
f42d74f6-9014-42bd-9a0a-4fc7f0944335,mockup,Planner & Journal Mockup,Flat-lay mockup for planners and journals.,mockups,"{planner,journal,flatlay}",https://entrepedia-products.com/app/book-cover-templates/Cover-37.jpeg,,,"{""format"": ""PSD+PNG"", ""dimensions"": ""2500x2500""}",f,2026-03-05 16:54:45.818965+00,planner-journal-mockup,,,,,,,0
618f7057-34e7-4d87-a9e7-944297bfed0f,mockup,Certificate Template Mockup,Professional certificate display mockup.,mockups,"{certificate,professional,display}",https://entrepedia-products.com/app/book-cover-templates/Cover-38.jpeg,,,"{""format"": ""PSD"", ""dimensions"": ""2000x1400""}",f,2026-03-05 16:54:45.818965+00,certificate-template-mockup,,,,,,,0
053c1a3f-41a0-442b-8f0d-5abd640d1fbf,mockup,Email Template Mockup,Email newsletter preview mockup in inbox view.,mockups,"{email,newsletter,inbox}",https://entrepedia-products.com/app/book-cover-templates/Cover-39.jpeg,,,"{""format"": ""PSD+PNG"", ""dimensions"": ""1600x1200""}",f,2026-03-05 16:54:45.818965+00,email-template-mockup,,,,,,,0
d27c209c-7e59-434a-b5d2-3e6376499671,mockup,Presentation Slides Mockup,Slide deck mockup for webinar/course content.,mockups,"{presentation,slides,webinar}",https://entrepedia-products.com/app/book-cover-templates/Cover-40.jpeg,,,"{""format"": ""PSD"", ""dimensions"": ""1920x1080""}",f,2026-03-05 16:54:45.818965+00,presentation-slides-mockup,,,,,,,0
b6ee0d96-b0cd-4539-9d0d-515e333f93b0,mockup,Multi-Device Mockup,"Desktop, tablet, and phone combo mockup.",mockups,"{multi-device,responsive,combo}",https://entrepedia-products.com/app/book-cover-templates/Cover-41.jpeg,,,"{""format"": ""PSD+PNG"", ""dimensions"": ""3000x2000""}",f,2026-03-05 16:54:45.818965+00,multi-device-mockup,,,,,,,0
bab80f2d-b5d1-4349-811c-828551051cb1,deal,Digital Product Starter Kit,Everything you need to launch your first digital product.,special_deals,"{starter,bundle,beginner}",https://entrepedia-products.com/app/book-cover-templates/Cover-50.jpeg,,,"{""discount"": 72, ""includes"": [""5 Templates"", ""2 Ebooks"", ""Video Course""], ""expiresIn"": ""3 days"", ""salePrice"": 27, ""originalPrice"": 97}",f,2026-03-05 16:54:45.818965+00,digital-product-starter-kit,,,,,,,0
67bdf5f5-0297-45b1-a2c2-dc942d8b44ca,deal,Canva Template Mega Pack,"500+ Canva templates for social media, ebooks, and courses.",special_deals,"{canva,templates,""mega pack""}",https://entrepedia-products.com/app/book-cover-templates/Cover-51.jpeg,,,"{""discount"": 76, ""includes"": [""500+ Templates"", ""Tutorial Videos"", ""Bonus Fonts""], ""expiresIn"": ""5 days"", ""salePrice"": 47, ""originalPrice"": 197}",f,2026-03-05 16:54:45.818965+00,canva-template-mega-pack,,,,,,,0
cf24c212-8546-4af7-a35b-0a8669140969,deal,Email Sequence Blueprint,Pre-written email sequences for 10 different niches.,special_deals,"{email,sequences,copy}",https://entrepedia-products.com/app/book-cover-templates/Cover-52.jpeg,,,"{""discount"": 75, ""includes"": [""10 Niche Sequences"", ""Swipe Files"", ""A/B Tests""], ""expiresIn"": ""2 days"", ""salePrice"": 37, ""originalPrice"": 147}",f,2026-03-05 16:54:45.818965+00,email-sequence-blueprint,,,,,,,0
39fe5df2-1c5d-43d1-95fa-daecad77d6bb,deal,PLR Content Library,"1000+ PLR articles, ebooks, and graphics with resale rights.",special_deals,"{plr,content,resale}",https://entrepedia-products.com/app/book-cover-templates/Cover-53.jpeg,,,"{""discount"": 77, ""includes"": [""1000+ Articles"", ""50 Ebooks"", ""200 Graphics""], ""expiresIn"": ""7 days"", ""salePrice"": 67, ""originalPrice"": 297}",f,2026-03-05 16:54:45.818965+00,plr-content-library,,,,,,,0
cfc26b34-25d5-4a12-a4e2-59a35873c652,deal,Sales Page Builder Kit,Drag-and-drop sales page templates with proven copy.,special_deals,"{""sales page"",copy,templates}",https://entrepedia-products.com/app/book-cover-templates/Cover-54.jpeg,,,"{""discount"": 73, ""includes"": [""15 Templates"", ""Copywriting Guide"", ""Video Walkthrough""], ""expiresIn"": ""4 days"", ""salePrice"": 34, ""originalPrice"": 127}",f,2026-03-05 16:54:45.818965+00,sales-page-builder-kit,,,,,,,0
8af6883b-e55e-4ab8-b736-6871fd24862b,deal,Printable Planner Bundle,365-day planner bundle with 50+ printable layouts.,special_deals,"{planner,printable,bundle}",https://entrepedia-products.com/app/book-cover-templates/Cover-55.jpeg,,,"{""discount"": 76, ""includes"": [""Daily Planners"", ""Weekly Planners"", ""Goal Trackers""], ""expiresIn"": ""6 days"", ""salePrice"": 19, ""originalPrice"": 79}",f,2026-03-05 16:54:45.818965+00,printable-planner-bundle,,,,,,,0
04fdbc25-717e-4c7a-bb03-557e7e586405,course,Email Marketing Fundamentals,Master email marketing from list building to automation sequences.,master_library,"{email,marketing,automation}",https://entrepedia-products.com/app/book-cover-templates/Cover-4.jpeg,,,"{""level"": ""beginner"", ""lessons"": 12, ""duration"": ""4 hours""}",f,2026-03-05 16:54:45.818965+00,email-marketing-fundamentals,,,,,,,0
fbd0eb2e-1fec-4cb0-9a56-5cc7347f021a,deal,Stock Photo Premium Pack,2000+ royalty-free stock photos for digital products.,special_deals,"{""stock photos"",royalty-free,premium}",https://entrepedia-products.com/app/book-cover-templates/Cover-56.jpeg,,,"{""discount"": 75, ""includes"": [""2000+ Photos"", ""Commercial License"", ""Bonus Mockups""], ""expiresIn"": ""3 days"", ""salePrice"": 49, ""originalPrice"": 199}",f,2026-03-05 16:54:45.818965+00,stock-photo-premium-pack,,,,,,,0
e8213325-00ec-4426-a69e-04b3dda9a845,deal,Notion Template Empire,100+ Notion templates for productivity and business.,special_deals,"{notion,templates,productivity}",https://entrepedia-products.com/app/book-cover-templates/Cover-57.jpeg,,,"{""discount"": 75, ""includes"": [""100+ Templates"", ""Video Setup Guide"", ""Updates for Life""], ""expiresIn"": ""5 days"", ""salePrice"": 22, ""originalPrice"": 87}",f,2026-03-05 16:54:45.818965+00,notion-template-empire,,,,,,,0
91503f52-0031-4dcf-998e-5551c1545612,tool,PDF Rebrander,"Upload, rebrand, and export PDFs with your branding.",tools,"{pdf,branding,export}",https://entrepedia-products.com/app/book-cover-templates/Cover-63.jpeg,,,"{""toolKey"": ""pdf_rebrander"", ""inputFields"": [""pdfFile"", ""logo"", ""ctaText""]}",t,2026-03-05 16:54:45.818965+00,pdf-rebrander,,,,,,,0
83472626-da68-4af3-9f88-09c9b876cb6a,tool,AI Book Title Generator,Generate catchy book titles from your description.,tools,"{ai,titles,books}",https://entrepedia-products.com/app/book-cover-templates/Cover-62.jpeg,,,"{""toolKey"": ""book_title_generator"", ""inputFields"": [""description"", ""genre"", ""length""]}",t,2026-03-05 16:54:45.818965+00,ai-book-title-generator,,,,,,,0
c07bb7e5-bf24-4ea8-b491-8add46ff8694,tool,AI Product Ideas Generator,Discover trending digital product ideas for any niche.,tools,"{ai,ideas,research}",https://entrepedia-products.com/app/book-cover-templates/Cover-61.jpeg,,,"{""toolKey"": ""product_ideas"", ""inputFields"": [""niche"", ""audience"", ""format""]}",t,2026-03-05 16:54:45.818965+00,ai-product-ideas-generator,,,,,,,0
8cc3ed1e-3175-4cc7-9159-e37cdfbb65b5,ebook,The Digital Product Blueprint,Complete guide to launching your first digital product from idea to sales.,master_library,"{guide,beginner,launch,Business}",https://entrepedia-products.com/app/book-cover-templates/Cover-1.jpeg,,,"{""level"": ""beginner"", ""pages"": 120, ""format"": ""PDF""}",f,2026-03-05 16:54:45.818965+00,the-digital-product-blueprint,,,,,,,0
23501a91-8042-43ce-8842-80aacebc6572,template,Product Launch Checklist,Step-by-step launch checklist used by 7-figure product creators.,master_library,"{launch,checklist,template}",https://entrepedia-products.com/app/book-cover-templates/Cover-6.jpeg,,,"{""steps"": 45, ""format"": ""PDF""}",f,2026-03-05 16:54:45.818965+00,product-launch-checklist,,,,,,,0
471b2622-ad9a-4bea-b431-5977133c710b,ebook,The Advertising Funnel Blueprint Strategies,,master_library,"{advertising,funnels,marketing,Marketing,Business}",https://entrepedia-products.com/covers/1753707817705-ad-funnel-blueprint-cover.png,,,{},t,2026-03-05 23:25:17.237921+00,the-advertising-funnel-blueprint-strategies,,,,,,,0
c2d390f8-267a-4b8c-adec-1c3ba44b37b8,ebook,Prioritize Your Life,,master_library,"{productivity,priorities,self-help,""Productivity Guides""}",https://entrepedia-products.com/covers/1757418521707-Book-Cover.jpg,,,{},t,2026-03-05 23:25:17.237921+00,prioritize-your-life,,,,,,,0
b1aa0b8d-0d8c-43f5-8550-8769ec36bbef,ebook,Buy Back Your Time,,master_library,"{""time management"",productivity,business,""Productivity Guides""}",https://entrepedia-products.com/covers/1761572285390-Book-Cover.jpg,,,{},t,2026-03-05 23:25:17.237921+00,buy-back-your-time,,,,,,,0
d2bdc1c1-8c6d-49f0-9221-d56a3dbf9990,ebook,Mindfulness at Work,,master_library,"{mindfulness,work,wellness,""Productivity Guides""}",https://entrepedia-products.com/covers/1760359111894-Book-Cover.jpg,,,{},t,2026-03-05 23:25:17.237921+00,mindfulness-at-work,,,,,,,0
05c4afe7-7b55-4a5d-8dba-103cab8cfb0c,ebook,Digital Detox for Founders,,master_library,"{""digital detox"",founders,wellness,""Productivity Guides""}",https://entrepedia-products.com/covers/1767881607041-Book-Cover.jpg,,,{},t,2026-03-05 23:25:17.237921+00,digital-detox-for-founders,,,,,,,0
09305b85-ff85-4d97-9369-e318d92e1117,ebook,Atomic Execution,,master_library,"{execution,productivity,business,""Productivity Guides""}",https://entrepedia-products.com/covers/1755071343800-Book-Cover.jpg,,,{},t,2026-03-05 23:25:17.237921+00,atomic-execution,,,,,,,0
b5a27e74-b725-48c3-a3ba-98705e40a200,ebook,Self-Coaching Mastery,,master_library,"{coaching,self-improvement,mastery,""Productivity Guides""}",https://entrepedia-products.com/covers/1762245316686-Book-Cover.jpg,,,{},t,2026-03-05 23:25:17.237921+00,self-coaching-mastery,,,,,,,0
43629918-a977-4d6b-967f-3fdba02c48a1,ebook,Merch That Sticks,,master_library,"{merch,branding,ecommerce,Marketing}",https://entrepedia-products.com/covers/1760962519464-Book-Cover.jpg,,,{},t,2026-03-05 23:25:17.237921+00,merch-that-sticks,,,,,,,0
2c196bb2-e98e-4cf8-866c-6a452c1accd1,ebook,Writing Content That Sells Without Sounding Salesy,,master_library,"{""content marketing"",copywriting,sales,""Content Creation"",Marketing}",https://entrepedia-products.com/covers/1757943949361-Book-Cover.jpg,,,{},t,2026-03-05 23:25:17.237921+00,writing-content-that-sells-without-sounding-salesy,,,,,,,0
e63c053e-0001-4ff9-9bd6-d62f29f2e238,ebook,The Beginner's Guide to Content Marketing,,master_library,"{""content marketing"",beginner,marketing,""Content Creation"",Marketing}",https://entrepedia-products.com/covers/1765827711135-Book-Cover.jpg,,,{},t,2026-03-05 23:25:17.237921+00,the-beginners-guide-to-content-marketing,,,,,,,0
5b2f8182-0018-4ed0-95cc-114875004203,ebook,Monetize Your Micro-Audience,,master_library,"{monetization,audience,""creator economy"",Marketing}",https://entrepedia-products.com/covers/1764001408947-Book-Cover.jpg,,,{},t,2026-03-05 23:25:17.237921+00,monetize-your-micro-audience,,,,,,,0
6083c3c9-547c-4246-90a6-5fe463e3657b,ebook,The Power of TikTok Shop,,master_library,"{TikTok,ecommerce,""social commerce"",Marketing}",https://entrepedia-products.com/covers/1758560959153-Book-Cover.jpg,,,{},t,2026-03-05 23:25:17.237921+00,the-power-of-tiktok-shop,,,,,,,0
39bced85-49d0-4043-983e-f9446dcca1cd,ebook,Monetizing Attention Without Selling Your Soul,,master_library,"{monetization,attention,ethics,Marketing}",https://entrepedia-products.com/covers/1768986968170-Book-Cover.jpg,,,{},t,2026-03-05 23:25:17.237921+00,monetizing-attention-without-selling-your-soul,,,,,,,0
f29d922d-07bb-425d-ac60-f1e52712d72a,ebook,High-Converting Landing Page Frameworks,,master_library,"{""landing pages"",conversion,marketing,Marketing}",https://entrepedia-products.com/covers/1756212836867-Book-Cover.jpg,,,{},t,2026-03-05 23:25:17.237921+00,high-converting-landing-page-frameworks,,,,,,,0
f7b72569-fe13-475e-ab63-ba5b85499781,ebook,The Psychology of Closing,,master_library,"{sales,psychology,closing,Marketing}",https://entrepedia-products.com/covers/1769609972240-Book-Cover.jpg,,,{},t,2026-03-05 23:25:17.237921+00,the-psychology-of-closing,,,,,,,0
b15396b3-ddb7-4b1d-ac90-dfa39b7502eb,ebook,Content Marketing on Steroids,,master_library,"{""content marketing"",growth,advanced,""Content Creation"",Marketing}",https://entrepedia-products.com/covers/1765120694262-Book-Cover.jpg,,,{},t,2026-03-05 23:25:17.237921+00,content-marketing-on-steroids,,,,,,,0
66c87e97-5fae-4ea4-8146-8c055c8e684f,ebook,How to Franchise Your Business,,master_library,"{business,franchise,growth,Business}",https://entrepedia-products.com/covers/1755589595128-Book-Cover.jpg,,,{},t,2026-03-05 23:25:17.237921+00,how-to-franchise-your-business,,,,,,,0
074ca92a-b7f0-4137-98f9-db1c4052f9b9,ebook,The Neuroscience of Peak Productivity,,master_library,"{productivity,neuroscience,performance,""Productivity Guides""}",https://entrepedia-products.com/covers/1768932212304-Book-Cover.jpg,,,{},t,2026-03-05 23:25:17.237921+00,the-neuroscience-of-peak-productivity,,,,,,,0
57dadd09-bb00-4825-a990-113ea83b3a38,ebook,AI Profit Mastery for Small Business,,master_library,"{AI,""small business"",profit,""Artificial Intelligence"",Business}",https://entrepedia-products.com/covers/1763388726112-Book-Cover.jpg,,,{},t,2026-03-05 23:25:17.237921+00,ai-profit-mastery-for-small-business,,,,,,,0
cbe47f16-3d87-4b10-9936-329f1ff2a0a3,ebook,Phishing Exposed,,master_library,"{cybersecurity,""online safety""}",https://entrepedia-products.com/covers/1755078590685-Book-Cover.jpg,,,{},t,2026-03-05 23:25:17.237921+00,phishing-exposed,,,,,,,0
83babe51-784d-466c-8939-3623ac7162cc,ebook,Confidence That Shows Before You Speak,,master_library,"{confidence,communication,self-improvement}",https://entrepedia-products.com/covers/1759137036394-Book-Cover.jpg,,,{},t,2026-03-05 23:25:17.237921+00,confidence-that-shows-before-you-speak,,,,,,,0
ff1e8662-9615-4bbe-9842-230c55af014b,ebook,Attract Love,,master_library,"{relationships,self-help,love}",https://entrepedia-products.com/covers/1772629894364-Book-Cover.jpg,,,{},t,2026-03-05 23:25:17.237921+00,attract-love,,,,,,,0
c354bcf5-e14a-40bc-b719-fdac770a0505,ebook,The Safety Culture Shift That Transforms Teams,,master_library,"{safety,culture,leadership}",https://entrepedia-products.com/covers/1759756744160-Book-Cover.jpg,,,{},t,2026-03-05 23:25:17.237921+00,the-safety-culture-shift-that-transforms-teams,,,,,,,0
b15966af-62c7-4878-8a15-aaab8e0f3869,ebook,Protect Your Digital Life,,master_library,"{security,digital,privacy}",https://entrepedia-products.com/covers/1753709191573-protect-your-digital-life-cover.jpg,,,{},t,2026-03-05 23:25:17.237921+00,protect-your-digital-life,,,,,,,0
73dbb4af-a594-4547-8c0c-77399b806756,ebook,The Power of Dark Femininity,,master_library,"{femininity,empowerment,self-help}",https://entrepedia-products.com/covers/1763378343976-Book-Cover.jpg,,,{},t,2026-03-05 23:25:17.237921+00,the-power-of-dark-femininity,,,,,,,0
ca75f9ae-b82c-4bfe-adf6-eb174fce12bd,ebook,Turn Your Expertise Into $5K Workshop Days,,master_library,"{workshops,expertise,monetization}",https://entrepedia-products.com/covers/1759749608024-Book-Cover.jpg,,,{},t,2026-03-05 23:25:17.237921+00,turn-your-expertise-into-5k-workshop-days,,,,,,,0
0e77dee3-3a92-4ef7-a214-50a242a690e8,ebook,Humanize Your AI Copy,,master_library,"{AI,copywriting,content,""Artificial Intelligence"",""Content Creation""}",https://entrepedia-products.com/covers/1772201302844-Book-Cover.jpg,,,{},t,2026-03-05 23:25:17.237921+00,humanize-your-ai-copy,,,,,,,0
a404ab06-c47b-4117-a218-490a71fda7d1,ebook,How to Build a Consistent Visual Identity,,master_library,"{branding,""visual identity"",design,""Content Creation""}",https://entrepedia-products.com/covers/1771393353880-Book-Cover.jpg,,,{},t,2026-03-05 23:25:17.237921+00,how-to-build-a-consistent-visual-identity,,,,,,,0
f0549676-e15c-4dba-b011-29765467e196,ebook,The Brand Evolution System for Modern Creators,,master_library,"{branding,creators,strategy,""Content Creation""}",https://entrepedia-products.com/covers/1768241246342-Book-Cover.jpg,,,{},t,2026-03-05 23:25:17.237921+00,the-brand-evolution-system-for-modern-creators,,,,,,,0
49152390-1fbd-4e2f-a823-4ebef483f7d0,ebook,Deal-Breaking Case Studies Creation,,master_library,"{""case studies"",sales,marketing,""Content Creation""}",https://entrepedia-products.com/covers/1756191878174-Book-Cover.jpg,,,{},t,2026-03-05 23:25:17.237921+00,deal-breaking-case-studies-creation,,,,,,,0
d326cbf9-08f5-4089-9aa9-ae3e21c24302,ebook,Product Launch Storytelling Secrets,,master_library,"{""product launch"",storytelling,marketing,""Content Creation""}",https://entrepedia-products.com/covers/1761029784326-Book-Cover.jpg,,,{},t,2026-03-05 23:25:17.237921+00,product-launch-storytelling-secrets,,,,,,,0
5e85d94e-d5aa-41a4-844c-47fc1eb24176,ebook,The Mindful Manifestation,,master_library,"{mindset,manifestation,self-help,""Productivity Guides""}",https://entrepedia-products.com/covers/1755597041969-Book-Cover.jpg,,,{},t,2026-03-05 23:25:17.237921+00,the-mindful-manifestation,,,,,,,0
ffca2215-0900-420b-a406-c18f6133cedc,ebook,Sleep Smarter for a Better Life,,master_library,"{health,sleep,wellness,""Productivity Guides""}",https://entrepedia-products.com/covers/1758554147224-Book-Cover.jpg,,,{},t,2026-03-05 23:25:17.237921+00,sleep-smarter-for-a-better-life,,,,,,,0
1587bd4d-d28d-4c23-a31f-b342cc34c66f,ebook,Master a New Professional Skill in One Month,,master_library,"{skills,""professional development"",learning,""Productivity Guides""}",https://entrepedia-products.com/covers/1765820378524-Book-Cover.jpg,,,{},t,2026-03-05 23:25:17.237921+00,master-a-new-professional-skill-in-one-month,,,,,,,0
223ac772-0fa7-4a71-850b-3a1e77873841,ebook,Fitness Without Hustle,,master_library,"{fitness,health,lifestyle,""Productivity Guides""}",https://entrepedia-products.com/covers/1770205928467-Book-Cover.jpg,,,{},t,2026-03-05 23:25:17.237921+00,fitness-without-hustle,,,,,,,0
cf10f297-ed77-4dca-86de-a7c93824fcfb,ebook,Break Free from the Cortisol Cycle,,master_library,"{health,stress,wellness,""Productivity Guides""}",https://entrepedia-products.com/covers/1756891161530-Book-Cover.jpg,,,{},t,2026-03-05 23:25:17.237921+00,break-free-from-the-cortisol-cycle,,,,,,,0
56fbb911-51e9-4aae-9a78-831a203ec432,ebook,Level Up Your Emotional Intelligence,,master_library,"{""emotional intelligence"",self-improvement,leadership,""Productivity Guides""}",https://entrepedia-products.com/covers/1753707892454-level-up-your-emotional-intelligence-cover.jpg,,,{},t,2026-03-05 23:25:17.237921+00,level-up-your-emotional-intelligence,,,,,,,0
17e00826-f14a-45c0-b3fc-8c3bdf309c19,ebook,Content Marketing Analytics & ROI,,master_library,"{analytics,""content marketing"",ROI,""Content Creation"",Marketing}",https://entrepedia-products.com/covers/1765823540815-Book-Cover.jpg,,,{},t,2026-03-05 23:25:17.237921+00,content-marketing-analytics-roi,,,,,,,0
e96bdf5f-577d-4d2f-9061-6df3fbcb9fe3,ebook,SEO-Driven Storytelling Advantage,,master_library,"{SEO,storytelling,content,""Content Creation"",Marketing}",https://entrepedia-products.com/covers/1762180029345-Book-Cover.jpg,,,{},t,2026-03-05 23:25:17.237921+00,seo-driven-storytelling-advantage,,,,,,,0
10cf0653-2390-4da3-81b2-9b9ec042195f,ebook,The Eisenhower Matrix Blueprint,,master_library,"{productivity,""time management"",planning,""Productivity Guides"",Business}",https://entrepedia-products.com/covers/1764594438591-Book-Cover.jpg,,,{},t,2026-03-05 23:25:17.237921+00,the-eisenhower-matrix-blueprint,,,,,,,0
c524b26e-b53d-4c05-b395-e8e1bfce366d,ebook,The 15-Minute Wellness Blueprint,,master_library,"{wellness,health,""quick wins"",""Productivity Guides"",Business}",https://entrepedia-products.com/covers/1762791625851-Book-Cover.jpg,,,{},t,2026-03-05 23:25:17.237921+00,the-15-minute-wellness-blueprint,,,,,,,0
e89d9ffe-66af-439b-8d7e-71757499ac84,ebook,Growth with Social Proof,,master_library,"{""social proof"",growth,marketing,Marketing,Business}",https://entrepedia-products.com/covers/1759145772267-Book-Cover.png,,,{},t,2026-03-05 23:25:17.237921+00,growth-with-social-proof,,,,,,,0
b0c48f68-449a-4c72-b0bd-94e4b26b5e3b,ebook,Blockchain Basics,,master_library,"{blockchain,crypto,technology,""Artificial Intelligence""}",https://entrepedia-products.com/covers/1765117262672-Book-Cover.jpg,,,{},t,2026-03-05 23:25:17.237921+00,blockchain-basics,,,,,,,0
4eb5b9d7-06ae-4a52-a05f-754ed4e84e23,ebook,Content Marketing for Small Businesses,,master_library,"{""content marketing"",""small business"",marketing,""Content Creation"",Marketing,Business}",https://entrepedia-products.com/covers/1763998926601-Book-Cover.jpg,,,{},t,2026-03-05 23:25:17.237921+00,content-marketing-for-small-businesses,,,,,,,0
9d61a8d5-9c82-4386-847c-045cddd60f5f,ebook,The Modern Estate Manager,,master_library,"{""estate management"",professional,career,Business}",https://entrepedia-products.com/covers/1768314895542-Book-Cover.jpg,,,{},t,2026-03-05 23:25:17.237921+00,the-modern-estate-manager,,,,,,,0
0ae9aebd-c00f-4b74-8cda-c861bbc09118,ebook,The Business Model Blueprint,,master_library,"{""business model"",strategy,entrepreneurship,Business}",https://entrepedia-products.com/covers/1762786018862-Book-Cover.jpg,,,{},t,2026-03-05 23:25:17.237921+00,the-business-model-blueprint,,,,,,,0
8458ce3d-c38a-4528-a21c-ef66ffafe6b2,ebook,Creating the Perfect Customer Experience,,master_library,"{""customer experience"",business,service,Business}",https://entrepedia-products.com/covers/1756887551243-Book-Cover.jpg,,,{},t,2026-03-05 23:25:17.237921+00,creating-the-perfect-customer-experience,,,,,,,0
7c7620bd-77e4-4de3-a740-483baa29119a,ebook,AI-Ready Change Management Playbook,,master_library,"{AI,""change management"",business,""Artificial Intelligence"",Business}",https://entrepedia-products.com/covers/1760362115332-Book-Cover.jpg,,,{},t,2026-03-05 23:25:17.237921+00,ai-ready-change-management-playbook,,,,,,,0
623007e8-764a-441c-adca-33e3dbc43530,ebook,Online Business Security Best Practices,,master_library,"{security,business,online,Business}",https://entrepedia-products.com/covers/1761577983963-Book-Cover.jpg,,,{},t,2026-03-05 23:25:17.237921+00,online-business-security-best-practices,,,,,,,0
ee4d2dcd-1a51-4e83-ade9-7d02c5cb2d37,ebook,Agency Growth Blueprint,,master_library,"{agency,growth,business,Business}",https://entrepedia-products.com/covers/1769612344758-Book-Cover.jpg,,,{},t,2026-03-05 23:25:17.237921+00,agency-growth-blueprint,,,,,,,0
33fe0bba-8944-4189-bfc5-b9bb0d8adb64,bundle,AI-Ready Change Management,,bundles,"{ai,leadership,change-management,business}",https://entrepedia-products.com/covers/1760362115332-Book-Cover.jpg,,,"{""item_count"": 5, ""description"": ""Lead change with confidence by making your team AI-ready and adaptable. A bundle of guides for modern leadership.""}",t,2026-03-06 00:18:41.031441+00,ai-change-management-bundle,,,,bundle,https://drive.google.com/drive/folders/1hC_OTnAQ03zHZ6gxGvf2pVkQPv8jP362,,0
67dae084-dd0c-41cf-a870-16678fac7b94,bundle,Agency Growth Blueprint,,bundles,"{agency,growth,business,scaling}",https://entrepedia-products.com/covers/1769612344758-Book-Cover.jpg,,,"{""item_count"": 5, ""description"": ""Scale your agency with proven frameworks. From client acquisition to team building, everything you need to grow.""}",t,2026-03-06 00:18:41.031441+00,agency-growth-bundle,,,,bundle,https://drive.google.com/drive/folders/1hC_OTnAQ03zHZ6gxGvf2pVkQPv8jP362,,0
81076d44-48dc-4977-9e0a-7ccbe846681a,bundle,The Psychology of Closing,,bundles,"{sales,psychology,closing,negotiation}",https://entrepedia-products.com/covers/1769609972240-Book-Cover.jpg,,,"{""item_count"": 4, ""description"": ""Master the psychology behind closing deals. A complete sales psychology collection for entrepreneurs and sales professionals.""}",t,2026-03-06 00:18:41.031441+00,psychology-closing-bundle,,,,bundle,https://drive.google.com/drive/folders/1hC_OTnAQ03zHZ6gxGvf2pVkQPv8jP362,,0
4a9a2707-d5e3-42d2-aab3-2ce2bfb8a16c,bundle,Turn Sales Into Predictable Growth,,bundles,"{sales,growth,revenue,business}",https://entrepedia-products.com/covers/1758020723586-Book-Cover.jpg,,,"{""item_count"": 5, ""description"": ""A proven system to break the feast-or-famine cycle and create predictable sales growth. Complete sales methodology bundle.""}",t,2026-03-06 00:18:41.031441+00,predictable-growth-bundle,,,,bundle,https://drive.google.com/drive/folders/1hC_OTnAQ03zHZ6gxGvf2pVkQPv8jP362,,0
9142df42-cc66-4384-bdec-c1dd238104f4,bundle,The Brand Evolution System for Modern Creators,,bundles,"{branding,creators,marketing,strategy}",https://entrepedia-products.com/covers/1768241246342-Book-Cover.jpg,,,"{""item_count"": 6, ""description"": ""Transform your creator brand with this bundle of guides on brand strategy, positioning, and audience building.""}",t,2026-03-06 00:18:41.031441+00,brand-evolution-bundle,,,,bundle,https://drive.google.com/drive/folders/1hC_OTnAQ03zHZ6gxGvf2pVkQPv8jP362,,0
6188dfe3-1d60-40dd-a214-656fdf2aaf28,bundle,Mindfulness at Work,,bundles,"{mindfulness,wellness,productivity,work-life-balance}",https://entrepedia-products.com/covers/1760359111894-Book-Cover.jpg,,,"{""item_count"": 5, ""description"": ""Build lasting focus, resilience, and balance through mindful work habits. A comprehensive mindfulness collection for professionals.""}",t,2026-03-06 00:18:41.031441+00,mindfulness-at-work-bundle,,,,bundle,https://drive.google.com/drive/folders/1hC_OTnAQ03zHZ6gxGvf2pVkQPv8jP362,,0
90c898ea-e3bd-45d0-8826-b455f0f775e5,bundle,Digital Detox for Founders,,bundles,"{wellness,founders,focus,mental-health}",https://entrepedia-products.com/covers/1767881607041-Book-Cover.jpg,,,"{""item_count"": 4, ""description"": ""Break free from constant distraction and restore deep focus. A curated bundle for entrepreneurs who need to disconnect to perform.""}",t,2026-03-06 00:18:41.031441+00,digital-detox-founders-bundle,,,,bundle,https://drive.google.com/drive/folders/1hC_OTnAQ03zHZ6gxGvf2pVkQPv8jP362,,0
02ce407f-bdef-4e33-8ab0-b4f4ff738d51,bundle,Atomic Execution,,bundles,"{productivity,execution,time-management,business}",https://entrepedia-products.com/covers/1755071343800-Book-Cover.jpg,,,"{""item_count"": 5, ""description"": ""Master the art of getting things done. Productivity frameworks, execution strategies, and time management systems.""}",t,2026-03-06 00:18:41.031441+00,atomic-execution-bundle,,,,bundle,https://drive.google.com/drive/folders/1hC_OTnAQ03zHZ6gxGvf2pVkQPv8jP362,,0
e457c999-c5c3-4af7-b095-7e39feadcf0b,bundle,Confidence That Shows Before You Speak,,bundles,"{confidence,communication,self-improvement,personal-development}",https://entrepedia-products.com/covers/1759137036394-Book-Cover.jpg,,,"{""item_count"": 4, ""description"": ""Build unshakable confidence with this collection of guides on body language, communication, and personal presence.""}",t,2026-03-06 00:18:41.031441+00,confidence-bundle,,,,bundle,https://drive.google.com/drive/folders/1hC_OTnAQ03zHZ6gxGvf2pVkQPv8jP362,,0
7fcdf6ab-d037-47ba-9c9e-145d44beb06a,bundle,Content Marketing for Small Businesses,,bundles,"{content-marketing,small-business,marketing,growth}",https://entrepedia-products.com/covers/1763998926601-Book-Cover.jpg,,,"{""item_count"": 5, ""description"": ""Complete content marketing toolkit for small business owners. From strategy to execution, learn how to grow with content.""}",t,2026-03-06 00:18:41.031441+00,content-marketing-small-biz-bundle,,,,bundle,https://drive.google.com/drive/folders/1hC_OTnAQ03zHZ6gxGvf2pVkQPv8jP362,,0
0f450eda-62f2-46ea-8a46-00fa182cc9a1,bundle,How to Build a Consistent Visual Identity,,bundles,"{branding,design,visual-identity,business}",https://entrepedia-products.com/covers/1771393353880-Book-Cover.jpg,,,"{""item_count"": 6, ""description"": ""Learn a step-by-step process for creating a complete brand kit. Everything you need to establish a professional visual identity.""}",t,2026-03-06 00:18:41.031441+00,visual-identity-bundle,,,,bundle,https://drive.google.com/drive/folders/1hC_OTnAQ03zHZ6gxGvf2pVkQPv8jP362,,0
687c5d00-8bad-4d85-9e0f-40e490c0fb6c,bundle,Humanize Your AI Copy,,bundles,"{ai,copywriting,content-creation,marketing}",https://entrepedia-products.com/covers/1772201302844-Book-Cover.jpg,,,"{""item_count"": 6, ""description"": ""Learn practical techniques to guide, refine, and edit AI outputs. A bundle of resources for making AI-generated content sound natural and human.""}",t,2026-03-06 00:18:41.031441+00,humanize-ai-copy-bundle,,,,bundle,https://drive.google.com/drive/folders/1hC_OTnAQ03zHZ6gxGvf2pVkQPv8jP362,,0
8de00463-3eb4-434d-84f1-561d51b56f0c,bundle,Attract Love,,bundles,"{relationships,self-improvement,dating,love}",https://entrepedia-products.com/covers/1772629894364-Book-Cover.jpg,,,"{""item_count"": 5, ""description"": ""Rewire your patterns, refine your standards, and build a relationship that actually lasts. A comprehensive collection of guides on love, dating, and relationships.""}",t,2026-03-06 00:18:41.031441+00,attract-love-bundle,,,,bundle,https://drive.google.com/drive/folders/1hC_OTnAQ03zHZ6gxGvf2pVkQPv8jP362,,0
821adf6d-06e2-407b-8af7-ec58d76f6c3a,bundle,The Smart Homebuyer's Playbook,,bundles,"{real-estate,homebuying,finance,education}",https://entrepedia-products.com/covers/1764597193255-Book-Cover.jpg,,,"{""item_count"": 4, ""description"": ""Gain a clear step-by-step understanding of the home buying process. A complete real estate education bundle.""}",t,2026-03-06 00:18:41.031441+00,smart-homebuyer-bundle,,,,bundle,https://drive.google.com/drive/folders/1hC_OTnAQ03zHZ6gxGvf2pVkQPv8jP362,,0
75ee67d5-4ba8-4368-bdbe-cdb84a1b914a,bundle,The Neuroscience of Peak Productivity,,bundles,"{neuroscience,productivity,focus,performance}",https://entrepedia-products.com/covers/1768932212304-Book-Cover.jpg,,,"{""item_count"": 5, ""description"": ""Actionable methods to enter and sustain flow for maximum focus and output. Science-backed productivity bundle.""}",t,2026-03-06 00:18:41.031441+00,peak-productivity-bundle,,,,bundle,https://drive.google.com/drive/folders/1hC_OTnAQ03zHZ6gxGvf2pVkQPv8jP362,,0
581b4c06-ce26-40af-805e-dda2ecae1f56,ebook,Package What You Know Into a High-Ticket Offer,"Learn how to transform your expertise and knowledge into premium, high-ticket digital products and consulting offers that command top dollar.",master_library,"{Business,Marketing,high-ticket,offers,""packaging knowledge""}",https://entrepedia-products.com/covers/1773150661144-Book-Cover.jpg,,,{},t,2026-03-10 21:35:08.069008+00,,,,,,,,0
a333a10b-a923-46cf-a06d-15dbfefcce25,ebook,Sales Automation Chatbots,"Discover how to build and deploy AI-powered chatbots that automate your sales process, qualify leads, and close deals 24/7.",master_library,"{""Artificial Intelligence"",Marketing,sales,chatbots,automation}",https://entrepedia-products.com/covers/1773145263335-Book-Cover.jpg,,,{},t,2026-03-10 21:35:08.069008+00,,,,,,,,0
ecc3eb34-6c88-4ec4-abad-5439994b2d64,ebook,The Smart Homebuyer's Playbook,"A comprehensive guide to navigating the home buying process with smart strategies, negotiation tactics, and financial planning.",master_library,"{Business,""real estate"",homebuying,investment}",https://entrepedia-products.com/covers/1764597193255-Book-Cover.jpg,,,{},t,2026-03-10 22:37:54.365813+00,,,,,,,,0
19805919-f342-4735-9323-6efe637654e6,ebook,SWOT Analysis Simplified,"Learn how to conduct effective SWOT analyses to identify strengths, weaknesses, opportunities, and threats for your business strategy.",master_library,"{Business,""Productivity Guides"",strategy,SWOT,analysis}",https://entrepedia-products.com/covers/1770199664775-Book-Cover.jpg,,,{},t,2026-03-10 22:37:54.365813+00,,,,,,,,0
647c99d5-a6f5-4f30-b098-2663b5f99bd8,ebook,Turn Sales Into Predictable Growth,"Build a repeatable sales system that turns inconsistent revenue into predictable, scalable business growth.",master_library,"{Marketing,Business,sales,growth,revenue}",https://entrepedia-products.com/covers/1758020723586-Book-Cover.jpg,,,{},t,2026-03-10 22:37:54.365813+00,,,,,,,,0
e3b26558-f072-4a4c-81fb-3c08c5faee8e,ebook,Visual Selling,Master the art of using visual content and design to sell more effectively and convert prospects into paying customers.,master_library,"{Marketing,""Content Creation"",visual,selling,design}",https://entrepedia-products.com/covers/1757411768397-Book-Cover.jpg,,,{},t,2026-03-10 22:37:54.365813+00,,,,,,,,0
97022201-0f97-4aeb-b9ac-466f5506ad5a,podcast,The Digital Fortress   Podcast,The Digital Fortress   Podcast — part of the BUSINESS PODCAST collection.,business_podcast,"{""BUSINESS PODCAST""}",https://lh3.googleusercontent.com/d/1wncrDZ4i3xQanwPqKT6FcWEXRZ-oUXrh,,,{},t,2026-03-11 01:05:44.122124+00,,,,,,https://drive.google.com/drive/folders/1hC_OTnAQ03zHZ6gxGvf2pVkQPv8jP362,,0
844c3f82-06b9-4666-9197-696360a99b06,podcast,The SERP Rankings Show   Podcast,The SERP Rankings Show   Podcast — part of the BUSINESS PODCAST collection.,business_podcast,"{""BUSINESS PODCAST""}",https://lh3.googleusercontent.com/d/1NBzAyBel-BLN4u0_hp6TUY05PvLs9mVP,,,{},t,2026-03-11 01:05:44.546939+00,,,,,,https://drive.google.com/drive/folders/1hC_OTnAQ03zHZ6gxGvf2pVkQPv8jP362,,0
fb7d9bd2-e929-4adb-9472-8bf52ac3a3d8,vls,VLS ORGANIZATIONAL CHECK UP.pdf,VLS ORGANIZATIONAL CHECK UP.pdf — part of the VLS collection.,vls,{VLS},https://lh3.googleusercontent.com/d/1IaGQzqbtiuFYJ7vLUEdil7gFixw9LKT9,https://drive.google.com/uc?export=download&id=1vGOgZpz44pXIhnKpE4G3rejZ04ArKOYs,,{},f,2026-03-11 01:05:45.539677+00,,,,,,https://drive.google.com/drive/folders/1hC_OTnAQ03zHZ6gxGvf2pVkQPv8jP362,,0
820b1085-431f-4fab-9c6f-8e8f7167ceaa,vls,VLS Tools Vision Traction Organizer,VLS Tools Vision Traction Organizer — part of the VLS collection.,vls,{VLS},https://lh3.googleusercontent.com/d/1IaGQzqbtiuFYJ7vLUEdil7gFixw9LKT9,https://drive.google.com/uc?export=download&id=1eBeESwpH3vmtBZSnkkdfQlbbQgDfVDDB,,{},f,2026-03-11 01:05:45.701198+00,,,,,,https://drive.google.com/drive/folders/1hC_OTnAQ03zHZ6gxGvf2pVkQPv8jP362,,0
6ee65469-c453-47cd-87e3-e61e00c414a0,vls,VLS 90 DAYS PLAN,VLS 90 DAYS PLAN — part of the VLS collection.,vls,{VLS},https://lh3.googleusercontent.com/d/1IaGQzqbtiuFYJ7vLUEdil7gFixw9LKT9,https://drive.google.com/uc?export=download&id=1moFeIsrNEs3XgY9s_OxY9-1dqYRbFhzR,,{},f,2026-03-11 01:05:45.830597+00,,,,,,https://drive.google.com/drive/folders/1hC_OTnAQ03zHZ6gxGvf2pVkQPv8jP362,,0
f975565c-9ec9-4f4e-bc08-8abee3baab1d,vls,VLS Tools Quarterly Rocks.pdf,VLS Tools Quarterly Rocks.pdf — part of the VLS collection.,vls,{VLS},https://lh3.googleusercontent.com/d/1IaGQzqbtiuFYJ7vLUEdil7gFixw9LKT9,https://drive.google.com/uc?export=download&id=1BVHlLZGBjDRMCJ4ORVYIyhD8kmJ0SzQN,,{},f,2026-03-11 01:05:45.938177+00,,,,,,https://drive.google.com/drive/folders/1hC_OTnAQ03zHZ6gxGvf2pVkQPv8jP362,,0
a2feb322-e729-48d2-93dc-78c11ded4c16,vls,VLS Tools Company Scorecard.pdf,VLS Tools Company Scorecard.pdf — part of the VLS collection.,vls,{VLS},https://lh3.googleusercontent.com/d/1IaGQzqbtiuFYJ7vLUEdil7gFixw9LKT9,https://drive.google.com/uc?export=download&id=1Q_jVfIuW58e-9-rLaOslfZoDYjQg2zE0,,{},f,2026-03-11 01:05:46.040025+00,,,,,,https://drive.google.com/drive/folders/1hC_OTnAQ03zHZ6gxGvf2pVkQPv8jP362,,0
ed8f6eb5-8239-4f45-b63f-61247fd14406,vls,VLS Tools Level 10 Meeting.pdf,VLS Tools Level 10 Meeting.pdf — part of the VLS collection.,vls,{VLS},https://lh3.googleusercontent.com/d/1IaGQzqbtiuFYJ7vLUEdil7gFixw9LKT9,https://drive.google.com/uc?export=download&id=110ZYy0lu0tACgQUmTpADPij3eg2bg9NU,,{},f,2026-03-11 01:05:46.139595+00,,,,,,https://drive.google.com/drive/folders/1hC_OTnAQ03zHZ6gxGvf2pVkQPv8jP362,,0
f275204e-e354-4bdf-a949-b9ae21c9fba0,vls,VLS People Analyzer.pdf,VLS People Analyzer.pdf — part of the VLS collection.,vls,{VLS},https://lh3.googleusercontent.com/d/1IaGQzqbtiuFYJ7vLUEdil7gFixw9LKT9,https://drive.google.com/uc?export=download&id=1VRxXAFiQLC4K36KWni7Dbe-dUshHp0md,,{},f,2026-03-11 01:05:46.243046+00,,,,,,https://drive.google.com/drive/folders/1hC_OTnAQ03zHZ6gxGvf2pVkQPv8jP362,,0
1b160ff8-ce57-471c-bd55-e56bb6a2e380,vls,VLS Tools Accountability Chart.pdf,VLS Tools Accountability Chart.pdf — part of the VLS collection.,vls,{VLS},https://lh3.googleusercontent.com/d/1IaGQzqbtiuFYJ7vLUEdil7gFixw9LKT9,https://drive.google.com/uc?export=download&id=1Q1iuOLOqBPshstONqxcp5dTc5F5vSZ2_,,{},f,2026-03-11 01:05:46.33984+00,,,,,,https://drive.google.com/drive/folders/1hC_OTnAQ03zHZ6gxGvf2pVkQPv8jP362,,0
8259d4ca-5e65-4e1c-8372-bfbbdd03ee7c,vls,VLS Fillable VTO pdf,VLS Fillable VTO pdf — part of the VLS collection.,vls,{VLS},https://lh3.googleusercontent.com/d/1IaGQzqbtiuFYJ7vLUEdil7gFixw9LKT9,https://drive.google.com/uc?export=download&id=1_4z-OwYRch2CFl6_iv3GgrxbhDHrHQCp,,{},f,2026-03-11 01:05:46.435452+00,,,,,,https://drive.google.com/drive/folders/1hC_OTnAQ03zHZ6gxGvf2pVkQPv8jP362,,0
16517322-cb65-4e25-9efa-41a4c249c1b6,vls,VLS Tools Delegate and Elevate.pdf,VLS Tools Delegate and Elevate.pdf — part of the VLS collection.,vls,{VLS},https://lh3.googleusercontent.com/d/1IaGQzqbtiuFYJ7vLUEdil7gFixw9LKT9,https://drive.google.com/uc?export=download&id=1dqPwLrJXG6pxk3KHK5k56d1WiycUtLpi,,{},f,2026-03-11 01:05:46.529467+00,,,,,,https://drive.google.com/drive/folders/1hC_OTnAQ03zHZ6gxGvf2pVkQPv8jP362,,0
39fd06e9-1470-40be-98e7-0661dedbd90e,vls,VLS ORGANIZATIONAL CHECK UP.pdf 2,VLS ORGANIZATIONAL CHECK UP.pdf 2 — part of the VLS collection.,vls,{VLS},https://lh3.googleusercontent.com/d/1IaGQzqbtiuFYJ7vLUEdil7gFixw9LKT9,https://drive.google.com/uc?export=download&id=1gqIUiUDLvTlwhJXnf2KqbNSqGXiP-o3n,,{},f,2026-03-11 01:05:46.625605+00,,,,,,https://drive.google.com/drive/folders/1hC_OTnAQ03zHZ6gxGvf2pVkQPv8jP362,,0
9c8bf807-5881-4b52-9f1c-e2795769e702,vls,VLS Tools The Meeting Pulse.pdf,VLS Tools The Meeting Pulse.pdf — part of the VLS collection.,vls,{VLS},https://lh3.googleusercontent.com/d/1IaGQzqbtiuFYJ7vLUEdil7gFixw9LKT9,https://drive.google.com/uc?export=download&id=18gEYMqaIGtgrstAlRdS6yzTC1_zLs6Jv,,{},f,2026-03-11 01:05:46.729047+00,,,,,,https://drive.google.com/drive/folders/1hC_OTnAQ03zHZ6gxGvf2pVkQPv8jP362,,0
dba38312-204d-47a9-907c-b8fe2e9a79fe,vls,VLS Tools 3 Step Process Documenter.pdf,VLS Tools 3 Step Process Documenter.pdf — part of the VLS collection.,vls,{VLS},https://lh3.googleusercontent.com/d/1IaGQzqbtiuFYJ7vLUEdil7gFixw9LKT9,https://drive.google.com/uc?export=download&id=1e64AGV-_L-qPtBUyOJCjX0fbpu9V2LGE,,{},f,2026-03-11 01:05:46.823296+00,,,,,,https://drive.google.com/drive/folders/1hC_OTnAQ03zHZ6gxGvf2pVkQPv8jP362,,0
34b1975c-dffd-44d1-9e94-609c29da11ab,vls,VSL LMA Questionnaire.pdf,VSL LMA Questionnaire.pdf — part of the VLS collection.,vls,{VLS},,https://drive.google.com/uc?export=download&id=1BgFFH11g567RCsBaV4q6cF_0cO6kyJk-,,{},f,2026-03-11 01:05:46.923545+00,,,,,,https://drive.google.com/drive/folders/1hC_OTnAQ03zHZ6gxGvf2pVkQPv8jP362,,0
040c82cc-252d-4aae-9f20-a546d5ff00ae,vls,VLS Tools Clarity Break.pdf,VLS Tools Clarity Break.pdf — part of the VLS collection.,vls,{VLS},https://lh3.googleusercontent.com/d/1IaGQzqbtiuFYJ7vLUEdil7gFixw9LKT9,https://drive.google.com/uc?export=download&id=1oFR47hWM9H11-hTIyQ2Tx4pLVLKY98ld,,{},f,2026-03-11 01:05:47.015293+00,,,,,,https://drive.google.com/drive/folders/1hC_OTnAQ03zHZ6gxGvf2pVkQPv8jP362,,0
32bc1e87-f221-4ac9-9997-9daa2a36d9c5,vls,VLS GWC.pdf,VLS GWC.pdf — part of the VLS collection.,vls,{VLS},https://lh3.googleusercontent.com/d/1IaGQzqbtiuFYJ7vLUEdil7gFixw9LKT9,https://drive.google.com/uc?export=download&id=1zLxSfPyEWXKnGJESXKWapSN1e4Q-qjVc,,{},f,2026-03-11 01:05:47.118228+00,,,,,,https://drive.google.com/drive/folders/1hC_OTnAQ03zHZ6gxGvf2pVkQPv8jP362,,0
333015a0-d165-4392-8519-3cb63f249c03,vls,VLS Kolbe Profiling.pdf,VLS Kolbe Profiling.pdf — part of the VLS collection.,vls,{VLS},https://lh3.googleusercontent.com/d/1IaGQzqbtiuFYJ7vLUEdil7gFixw9LKT9,https://drive.google.com/uc?export=download&id=1afYqG9ZW1UylcnRZFqABQz4QiKbFJ-Dx,,{},f,2026-03-11 01:05:47.214915+00,,,,,,https://drive.google.com/drive/folders/1hC_OTnAQ03zHZ6gxGvf2pVkQPv8jP362,,0
a334a540-b83b-41cf-ae95-c0a7870c062c,vls,VLS The Issues Solving Track.pdf,VLS The Issues Solving Track.pdf — part of the VLS collection.,vls,{VLS},https://lh3.googleusercontent.com/d/1IaGQzqbtiuFYJ7vLUEdil7gFixw9LKT9,https://drive.google.com/uc?export=download&id=1RlkdEgaEGwHOMfvGF2iIesAKCMvH2e-g,,{},f,2026-03-11 01:05:47.311695+00,,,,,,https://drive.google.com/drive/folders/1hC_OTnAQ03zHZ6gxGvf2pVkQPv8jP362,,0
8585e2ad-5c69-464e-b500-4ea50cdd5929,vls,VLS MODEL.pdf,VLS MODEL.pdf — part of the VLS collection.,vls,{VLS},https://lh3.googleusercontent.com/d/1IaGQzqbtiuFYJ7vLUEdil7gFixw9LKT9,https://drive.google.com/uc?export=download&id=1vuScGeWALu7Ak3r7w49ByM45nMIS3NKY,,{},f,2026-03-11 01:05:47.41042+00,,,,,,https://drive.google.com/drive/folders/1hC_OTnAQ03zHZ6gxGvf2pVkQPv8jP362,,0
ca14d4ee-1135-4b41-88e2-b24eb3127a7c,vls,"IDS stands for Identify, Discuss, and Solve.pdf","IDS stands for Identify, Discuss, and Solve.pdf — part of the VLS collection.",vls,{VLS},,https://drive.google.com/uc?export=download&id=19pOBT4bPqSRWDr8gCkx3xIIYebRvOvjC,,{},f,2026-03-11 01:05:47.519086+00,,,,,,https://drive.google.com/drive/folders/1hC_OTnAQ03zHZ6gxGvf2pVkQPv8jP362,,0
90112e5f-70e9-4465-bf8f-72cf96d865b8,vls,VLS Tools Issues Solving Track.pdf,VLS Tools Issues Solving Track.pdf — part of the VLS collection.,vls,{VLS},https://lh3.googleusercontent.com/d/1IaGQzqbtiuFYJ7vLUEdil7gFixw9LKT9,https://drive.google.com/uc?export=download&id=1md4sgDOvF6GGfAfsfJzW8gl3mMErmDz5,,{},f,2026-03-11 01:05:47.611703+00,,,,,,https://drive.google.com/drive/folders/1hC_OTnAQ03zHZ6gxGvf2pVkQPv8jP362,,0
0172ef3d-0fa7-4877-ba48-90139cdee456,vls,VLS Tools The 5 5 5.pdf,VLS Tools The 5 5 5.pdf — part of the VLS collection.,vls,{VLS},https://lh3.googleusercontent.com/d/1IaGQzqbtiuFYJ7vLUEdil7gFixw9LKT9,https://drive.google.com/uc?export=download&id=1sHlBnJ4apzVJtgKijWdl9aQpp9NuZYeG,,{},f,2026-03-11 01:05:47.705517+00,,,,,,https://drive.google.com/drive/folders/1hC_OTnAQ03zHZ6gxGvf2pVkQPv8jP362,,0
126d2aa5-f9c7-46e9-8ebc-17a27464465d,vls,THE VLS PROCESS,THE VLS PROCESS — part of the VLS collection.,vls,{VLS},,https://drive.google.com/uc?export=download&id=1Is2GAGfr4KIpcY2S9Doalja2CpTqG7Ob,,{},f,2026-03-11 01:05:47.801047+00,,,,,,https://drive.google.com/drive/folders/1hC_OTnAQ03zHZ6gxGvf2pVkQPv8jP362,,0
f51da44a-b691-4a6c-b52f-cfe0917d008b,course,From Sales Shy to Sold Out in 6 Days   Mini Course,From Sales Shy to Sold Out in 6 Days   Mini Course — part of the COURSES collection.,courses,{COURSES},https://lh3.googleusercontent.com/d/1-mAShYKWZjkYMUb8jPm6ea0fuMp8mCYk,https://drive.google.com/uc?export=download&id=1Chcuzh2duhHmMRjFZnn802tBVK1L99Lz,,{},t,2026-03-11 01:05:48.587648+00,,,,,,https://drive.google.com/drive/folders/1hC_OTnAQ03zHZ6gxGvf2pVkQPv8jP362,,0
4c297907-2d6a-450d-b322-16174f595555,course,7 Steps to Survival Confidence   Mini Course,7 Steps to Survival Confidence   Mini Course — part of the COURSES collection.,courses,{COURSES},https://lh3.googleusercontent.com/d/1Lq5EYVS5vOQ5k2-bRM9mKBrSjsqtwARy,https://drive.google.com/uc?export=download&id=1e3wmrCg3VrBXRFqvoVrl8NlZP27IOaRQ,,{},t,2026-03-11 01:05:48.952876+00,,,,,,https://drive.google.com/drive/folders/1hC_OTnAQ03zHZ6gxGvf2pVkQPv8jP362,,0
ab4f45b3-50f0-4b6b-aae6-88044045db66,course,21 Make or Break Questions for Successful Chatbot Adoption   Listicle,21 Make or Break Questions for Successful Chatbot Adoption   Listicle — part of the COURSES collection.,courses,{COURSES},https://lh3.googleusercontent.com/d/1y-SvfFEBVPs9ewyCabAB1vsM2wHzQEzM,https://drive.google.com/uc?export=download&id=19EbsUqebu5_fS1gOeRUPYs_bpcYM8Cbh,,{},t,2026-03-11 01:05:49.353846+00,,,,,,https://drive.google.com/drive/folders/1hC_OTnAQ03zHZ6gxGvf2pVkQPv8jP362,,0
e96680c3-e214-4b46-9c6b-2d4ab6d687d5,course,21 AI Hacks That Save You Hours in the Classroom   Listicle,21 AI Hacks That Save You Hours in the Classroom   Listicle — part of the COURSES collection.,courses,{COURSES},https://lh3.googleusercontent.com/d/1osMKmAfzRVhdaN2FjBIxDFhP3sEbXOpB,https://drive.google.com/uc?export=download&id=1Y_c9odAqUlseYjamplZ1HzshST-7U7do,,{},t,2026-03-11 01:05:49.701007+00,,,,,,https://drive.google.com/drive/folders/1hC_OTnAQ03zHZ6gxGvf2pVkQPv8jP362,,0
85a411a3-eb6c-4c3f-9f52-c271527c2860,course,7 Hidden Signs You Are Headed for Burnout   Listicle,7 Hidden Signs You Are Headed for Burnout   Listicle — part of the COURSES collection.,courses,{COURSES},https://lh3.googleusercontent.com/d/1FjNcGA_uGeR9K0ueX940yLdiNerULjxP,https://drive.google.com/uc?export=download&id=14WzEDUTofunFR_KXRpsva718gNCdHt95,,{},t,2026-03-11 01:05:50.075424+00,,,,,,https://drive.google.com/drive/folders/1hC_OTnAQ03zHZ6gxGvf2pVkQPv8jP362,,0
3bd9eb40-170e-48e3-b87a-a1f03cc7c7f2,course,7 Execution Killers That Derail Your Best Ideas   Listicle,7 Execution Killers That Derail Your Best Ideas   Listicle — part of the COURSES collection.,courses,{COURSES},https://lh3.googleusercontent.com/d/1deALI-yP6uvNEmCewlf0_I3QQTAuvsGV,https://drive.google.com/uc?export=download&id=1eG2T0rxaVXYnkpyPjmYH4DmUgEjIRBbr,,{},t,2026-03-11 01:05:50.436333+00,,,,,,https://drive.google.com/drive/folders/1hC_OTnAQ03zHZ6gxGvf2pVkQPv8jP362,,0
f104ac15-9ea0-4e2e-a397-c078d003026f,course,The 6 Day YouTube Accelerator   Mini Course,The 6 Day YouTube Accelerator   Mini Course — part of the COURSES collection.,courses,{COURSES},https://lh3.googleusercontent.com/d/1WRZm8LrIJn4CV1msXjnQW9SR84cRN0bp,https://drive.google.com/uc?export=download&id=1HSiT8J7NehOfY3pinruHmzz4zM674aqY,,{},t,2026-03-11 01:05:50.751792+00,,,,,,https://drive.google.com/drive/folders/1hC_OTnAQ03zHZ6gxGvf2pVkQPv8jP362,,0
3420083d-6955-47d3-a8b4-7bf3313ac57a,course,The Perfect Process   Mini Course,The Perfect Process   Mini Course — part of the COURSES collection.,courses,{COURSES},https://lh3.googleusercontent.com/d/1gPzuMbi9rb4aDTKltGZbYaj3kGCFmoVV,https://drive.google.com/uc?export=download&id=1cpKaFy3iVenrbibylTHAB7aEx6w0b6vo,,{},t,2026-03-11 01:05:51.095712+00,,,,,,https://drive.google.com/drive/folders/1hC_OTnAQ03zHZ6gxGvf2pVkQPv8jP362,,0
9c2267f2-1bdc-42b7-b62c-cab65614e501,course,Your Daily Calm Practice   Mini Course,Your Daily Calm Practice   Mini Course — part of the COURSES collection.,courses,{COURSES},https://lh3.googleusercontent.com/d/1Hevo1fmP_1E5u9obHTX3Uhs3Y8tqZidw,https://drive.google.com/uc?export=download&id=1N5kU0zen4XaidCsMe7D2aFjG2BMKb30y,,{},t,2026-03-11 01:05:51.443974+00,,,,,,https://drive.google.com/drive/folders/1hC_OTnAQ03zHZ6gxGvf2pVkQPv8jP362,,0
3b5ec903-788e-4926-b98d-4a3c789750ff,course,"GetResponse Growth   Automate, Convert, and Scale","GetResponse Growth   Automate, Convert, and Scale — part of the COURSES collection.",courses,{COURSES},,,,{},t,2026-03-11 01:05:51.805396+00,,,,,,https://drive.google.com/drive/folders/1hC_OTnAQ03zHZ6gxGvf2pVkQPv8jP362,,0
dde66712-a7d1-4e0a-afcf-b92cbfe102f4,course,The Ultimate E Commerce Profit Secrets   Mini Course,The Ultimate E Commerce Profit Secrets   Mini Course — part of the COURSES collection.,courses,{COURSES},https://lh3.googleusercontent.com/d/1c--oRfHwC8Ezd3cwIhg_JoSsAtprTSKD,https://drive.google.com/uc?export=download&id=1jizfodyr0uSJ-RhWk_hwonGUJ4eg6ruw,,{},t,2026-03-11 01:05:52.167546+00,,,,,,https://drive.google.com/drive/folders/1hC_OTnAQ03zHZ6gxGvf2pVkQPv8jP362,,0
0cc05b43-9e5d-4aac-aa1b-e7bc4a778baa,course,Stand Out and Get Hired   Mini Course,Stand Out and Get Hired   Mini Course — part of the COURSES collection.,courses,{COURSES},https://lh3.googleusercontent.com/d/17yQQjkXtKnItHobVW0CyS28LZoh_Fw3t,https://drive.google.com/uc?export=download&id=1eIVOYoRw48gDSrfkv5pC_Hcrh2zr7ajw,,{},t,2026-03-11 01:05:52.594844+00,,,,,,https://drive.google.com/drive/folders/1hC_OTnAQ03zHZ6gxGvf2pVkQPv8jP362,,0
08c02b03-3802-4ecf-8d7e-8f9ea5df8698,course,Smart Money Moves   Mini Course,Smart Money Moves   Mini Course — part of the COURSES collection.,courses,{COURSES},https://lh3.googleusercontent.com/d/197rM3fLwtGsMv1s5h10_B6DXzF-25-Oy,https://drive.google.com/uc?export=download&id=1Z9GeFUuiGMWLkfPBJitcN_MObqYs6r__,,{},t,2026-03-11 01:05:52.955795+00,,,,,,https://drive.google.com/drive/folders/1hC_OTnAQ03zHZ6gxGvf2pVkQPv8jP362,,0
25ccf5c4-c113-4a36-9ae1-4c5da3b45fa8,course,6 Day Path to Your Ideal Niche   Mini Course,6 Day Path to Your Ideal Niche   Mini Course — part of the COURSES collection.,courses,{COURSES},https://lh3.googleusercontent.com/d/1vfqbtleTWy_hPWre21q0axOyrs3NfzoB,https://drive.google.com/uc?export=download&id=1-gnYfi4nbBQkonYk8eTD1NPZJzj62AgH,,{},t,2026-03-11 01:05:53.364706+00,,,,,,https://drive.google.com/drive/folders/1hC_OTnAQ03zHZ6gxGvf2pVkQPv8jP362,,0
200c7261-f438-4d1d-8556-977a4346dc90,bundle,"GetResponse Growth   Automate, Convert, and Scale","GetResponse Growth   Automate, Convert, and Scale — part of the BUNDLES collection.",bundles,{BUNDLES},,,,{},t,2026-03-11 01:05:54.311359+00,,,,,,https://drive.google.com/drive/folders/1o76Kk6uMpnJ7sZMgj55k55R-shA4NO8Z,,0
98bee83e-2358-4f19-be7e-a4fe14e933f5,bundle,The Ultimate Advertising Copywriting   Bundle,The Ultimate Advertising Copywriting   Bundle — part of the BUNDLES collection.,bundles,{BUNDLES},https://drive.google.com/thumbnail?id=14mN0CpW6SAe_6QZ565s0y96hN7Wh4vKm&sz=w800,,,{},t,2026-03-11 01:05:54.665249+00,,,,,,https://drive.google.com/drive/folders/1WtDKsWeu9BsyYKeThPw8stqatDkLRSjs,,0
ea48e50f-a7b1-4776-b717-00a6f70b1eb5,bundle,The Ultimate Ad Platform Strategy   Bundle,The Ultimate Ad Platform Strategy   Bundle — part of the BUNDLES collection.,bundles,{BUNDLES},https://lh3.googleusercontent.com/d/1R8YATzDqlbFXJOTBuRTXNB0fNgBadWGc,,,{},t,2026-03-11 01:05:55.075529+00,,,,,,https://drive.google.com/drive/folders/1lqnFTzsHrTgoLdIlpMeqZ6NgngwtBpyZ,,0
8aaca8f1-620f-4ecb-94ed-abc7658b81ac,bundle,The 6 Day Mindful Morning Reset   Mini Course,The 6 Day Mindful Morning Reset   Mini Course — part of the BUNDLES collection.,bundles,{BUNDLES},https://lh3.googleusercontent.com/d/12g2mSgK3zRwqt1Eb2F4C9kPmPx5kz3a3,https://drive.google.com/uc?export=download&id=16nKVme_kjmOowp2S0WjqkCR7eOSAsAhz,,{},t,2026-03-11 01:05:55.434355+00,,,,,,https://drive.google.com/drive/folders/1aGN-qwl4u_mC6YSRSdp-n6Y4Q2CHzntS,,0
fe302a7d-a69f-4ed8-a5b1-4ad68fb2d4a4,bundle,Retention Formula   Mini Course,Retention Formula   Mini Course — part of the BUNDLES collection.,bundles,{BUNDLES},https://lh3.googleusercontent.com/d/1tG3791Gky7oNNGVh0HZ-SeIhNgckw8G8,https://drive.google.com/uc?export=download&id=1K-XlTyK_dIGAKVU3022totpXvzKTXCcn,,{},t,2026-03-11 01:05:55.83179+00,,,,,,https://drive.google.com/drive/folders/1dSHfYNWz3dG8UIa2A7dIuZzMBIU3nzW8,,0
fd933212-d93f-4acb-890f-7688174a29d1,bundle,Mindfulness for Everyday Life   Ebook,Mindfulness for Everyday Life   Ebook — part of the BUNDLES collection.,bundles,{BUNDLES},https://lh3.googleusercontent.com/d/1DfDmcIk6eoGG6_sHXtQI0Qr9I4bTUckv,https://drive.google.com/uc?export=download&id=1H7ZA069AWiVwtuaIqHP6sZoCjKuWWxma,,{},t,2026-03-11 01:05:56.23839+00,,,,,,https://drive.google.com/drive/folders/1Nf_q5KFyFlFbDEoKLtWSVOZ_lgEnRwPO,,0
80f8c39f-0f72-432f-81cf-c106ad4bbc24,bundle,Crafting Funnel Strategies That Convert   Email Mini Course,Crafting Funnel Strategies That Convert   Email Mini Course — part of the BUNDLES collection.,bundles,{BUNDLES},https://lh3.googleusercontent.com/d/1md3mqUNKU0-0QLPYHYN8hQ1UJKgdxD-E,https://drive.google.com/uc?export=download&id=1KEM-8grovs9UFtGuGWV92RCBWwZWVpCu,,{},t,2026-03-11 01:05:56.545175+00,,,,,,https://drive.google.com/drive/folders/1Lq_8AnhQwTelIXJc6GCK6Q_myS40Mt5C,,0
9d1de2b4-4828-4c33-a6dc-8202462744d5,bundle,Your Business Plan Playbook   Bundle,Your Business Plan Playbook   Bundle — part of the BUNDLES collection.,bundles,{BUNDLES},https://lh3.googleusercontent.com/d/1ilj6WxfsqO_6cif23CT7Rlfd7-CraOrR,https://drive.google.com/uc?export=download&id=1XmgYJrv7aHfPIADlpAmE5X8fsml2fI4p,,{},t,2026-03-11 01:05:56.967093+00,,,,,,https://drive.google.com/drive/folders/1h46dwxuCIA_13zT2z2CA8Hsitt9COwd7,,0
ceacef2c-39e9-416c-b6ec-aac0fffffbfd,bundle,Personal Branding Expertise   Bundle,Personal Branding Expertise   Bundle — part of the BUNDLES collection.,bundles,{BUNDLES},,,,{},t,2026-03-11 01:05:57.308309+00,,,,,,https://drive.google.com/drive/folders/1BLVWtHDkXZ2bb2VwcxM3uaQehYzgcBN7,,0
a0f9ebb0-8e2b-4bb7-a04f-3105dc3ec8c5,bundle,Google Search Ads Unlocked   Bundle (3),Google Search Ads Unlocked   Bundle (3) — part of the BUNDLES collection.,bundles,{BUNDLES},https://lh3.googleusercontent.com/d/1lEm8Vg3aH4skXRVTjPAAmY1El1X8TqN9,https://drive.google.com/uc?export=download&id=1KcnFuDmnS87FYqc69aJvtbWZXvY_xTA_,,{},t,2026-03-11 01:05:57.686996+00,,,,,,https://drive.google.com/drive/folders/1kOxl60duIT8NZfK6jxwoC87XqcgXZGID,,0
518a91a1-d9fb-4b1e-9e82-9795851199ae,bundle,The MVP Playbook   Bundle,The MVP Playbook   Bundle — part of the BUNDLES collection.,bundles,{BUNDLES},,,,{},t,2026-03-11 01:05:58.087301+00,,,,,,https://drive.google.com/drive/folders/1VrsgKGmKqoJNZj8UxxnuVdF1orUjAo-6,,0
788a59b6-9b33-4759-9d9d-db11d0608917,bundle,Meta Ads Made Affordable   Bundle,Meta Ads Made Affordable   Bundle — part of the BUNDLES collection.,bundles,{BUNDLES},https://lh3.googleusercontent.com/d/1ONGBlzdzUtHHnOCC0mSM5Gh_dvWdUKih,https://drive.google.com/uc?export=download&id=1JkpChB3HGFHFAmC2kb9AC2kNPVSzAkMF,,{},t,2026-03-11 01:05:58.495162+00,,,,,,https://drive.google.com/drive/folders/19ekWn7dEsc16nvzf0iyzV5KFVbwNJw8M,,0
454bf75d-6955-4cd9-b6f9-129bf99400bf,bundle,Landing Page Persuasion   Bundle,Landing Page Persuasion   Bundle — part of the BUNDLES collection.,bundles,{BUNDLES},https://entrepedia-products.com/covers/1756212836867-Book-Cover.jpg,https://drive.google.com/uc?export=download&id=1Sm3NlT7m-Syn2vGmYAg72dilHtbyodiQ,,{},t,2026-03-11 01:05:58.83427+00,,,,,,https://drive.google.com/drive/folders/18oS3hDLUVQHck8pbxVs-wnFPCqfnp2Bx,,0
4126cd8e-7e94-4558-b203-a808d70f849f,bundle,Mental Toughness   Bundle,Mental Toughness   Bundle — part of the BUNDLES collection.,bundles,{BUNDLES},,https://drive.google.com/uc?export=download&id=19qjA0NmwmiG4p6vK10bIdCa1IUvNEPhc,,{},t,2026-03-11 01:05:59.194064+00,,,,,,https://drive.google.com/drive/folders/1X-IGM5tIk1jC3o8qYpfkpVrE3fh23aFH,,0
ced34617-7cbe-445c-aec6-025795825def,bundle,The Art of Storytelling   Bundle,The Art of Storytelling   Bundle — part of the BUNDLES collection.,bundles,{BUNDLES},https://lh3.googleusercontent.com/d/1L_TbO5JMlqyB5z5iYazBHAh-nQQ7ANy9,https://drive.google.com/uc?export=download&id=1-Fn_1mPCrW6d0Uy8-G7gSXznt2CaDhap,,{},t,2026-03-11 01:05:59.550749+00,,,,,,https://drive.google.com/drive/folders/1wSO_NGui3aZ8dUzTNl0f8i6I7c9X2vkv,,0
bedd6a98-5f24-43b5-ab99-7ec8e5dc70d1,bundle,Google Business Profiles   Bundle,Google Business Profiles   Bundle — part of the BUNDLES collection.,bundles,{BUNDLES},https://lh3.googleusercontent.com/d/1robYFFd52eS0LJmuLFZ1lTquIINrPbwW,https://drive.google.com/uc?export=download&id=1cbDFVS8L5M1jMJ3qiChieMeiMoVOFmAN,,{},t,2026-03-11 01:05:59.936278+00,,,,,,https://drive.google.com/drive/folders/1x_fC2EmNLu4QnfsJwl-NORs2hbTDJNxE,,0
b04ecb9a-450e-4cea-89da-4debb11c8086,bundle,The Power of Prototypes   Bundle,The Power of Prototypes   Bundle — part of the BUNDLES collection.,bundles,{BUNDLES},,https://drive.google.com/uc?export=download&id=1fGZZ-NEsl-X4qxncGhb-40-Znoax-Tlo,,{},t,2026-03-11 01:06:00.273645+00,,,,,,https://drive.google.com/drive/folders/1BvOLI9B99CJWDB7sq5vMPKtLVuXJN7Zv,,0
e505595d-2965-41f3-bdd7-1cb51a1ea891,bundle,Cold Email Marketing   Bundle,Cold Email Marketing   Bundle — part of the BUNDLES collection.,bundles,{BUNDLES},https://lh3.googleusercontent.com/d/1ZLhSoytI9S6c7XVe8KWrRBaAmHnS2Lhn,https://drive.google.com/uc?export=download&id=1_WoAHqiKHkZiWa_wKkk7-VZGaOrRcz-N,,{},t,2026-03-11 01:06:00.634938+00,,,,,,https://drive.google.com/drive/folders/1eNxhp1jWjBCZaMwRxF1wMXnkwJHwFblf,,0
adbfe9c5-1ed1-482e-9d18-4a0ddc1bb870,bundle,Long Form Content Mastery   Bundle,Long Form Content Mastery   Bundle — part of the BUNDLES collection.,bundles,{BUNDLES},,,,{},t,2026-03-11 01:06:00.954561+00,,,,,,https://drive.google.com/drive/folders/1fcedC9WIVQPvq88NclQbgwMgv2z4JWzO,,0
5fb7f50c-df81-4ed7-b219-55b151e38686,bundle,Natural Energy Boost   Bundle,Natural Energy Boost   Bundle — part of the BUNDLES collection.,bundles,{BUNDLES},,https://drive.google.com/uc?export=download&id=1AKJIj6X32esx1ayV6s_f4epRhYxyDoSK,,{},t,2026-03-11 01:06:01.357715+00,,,,,,https://drive.google.com/drive/folders/1HFzCzXvM55UGTwgWGUO65dI-LddLhAUf,,0
1827842f-c402-41dd-95c4-704f6021a597,bundle,Cash Flow Mastery   Bundle,Cash Flow Mastery   Bundle — part of the BUNDLES collection.,bundles,{BUNDLES},,,,{},t,2026-03-11 01:06:01.733963+00,,,,,,https://drive.google.com/drive/folders/1NA8qBycil0pDcLhil0PXxMkib-NrHexU,,0
dd57ce43-8ec2-49c1-8b4d-1574db4c50a9,bundle,MicroSaaS Success Blueprint   Bundle,MicroSaaS Success Blueprint   Bundle — part of the BUNDLES collection.,bundles,{BUNDLES},https://lh3.googleusercontent.com/d/1AbgkQXR65rQEj5yha7zEeN-yMS-V_X3W,https://drive.google.com/uc?export=download&id=1j6Iv1gLVNkjnM9m45mJAVliTmnF_HB48,,{},t,2026-03-11 01:06:02.120596+00,,,,,,https://drive.google.com/drive/folders/1CaXZ5U_5wKJqyiyE9sRs7LE0v3ZK45jQ,,0
b1e43853-5778-47e6-8bfd-5baad6245022,bundle,Faceless Creator   Bundle,Faceless Creator   Bundle — part of the BUNDLES collection.,bundles,{BUNDLES},,https://drive.google.com/uc?export=download&id=1N26pe4GM-QDn1lrzhecOXuYq2Fmcq2NQ,,{},t,2026-03-11 01:06:02.605192+00,,,,,,https://drive.google.com/drive/folders/1guHvbS42YURR2pdiVfatdj2NqYz0KWAZ,,0
99ff53a1-94eb-489b-a656-b72482d1ec19,bundle,Confidently Close Every Call   Bundle,Confidently Close Every Call   Bundle — part of the BUNDLES collection.,bundles,{BUNDLES},https://lh3.googleusercontent.com/d/1jUnEimECfNphNT7Aa7MhG9rtty1e7q_x,https://drive.google.com/uc?export=download&id=1D-6LVjb9dZQkyXkVAVoQGIegbBYsxGs_,,{},t,2026-03-11 01:06:02.978778+00,,,,,,https://drive.google.com/drive/folders/1jr5Ev30EHyfV0xc6d0_CPhV1Huu1sAbf,,0
0a88e009-a3c1-497b-aea1-551a0e85186a,bundle,Beyond the Inbox   Bundle,Beyond the Inbox   Bundle — part of the BUNDLES collection.,bundles,{BUNDLES},,https://drive.google.com/uc?export=download&id=1WRM4K8r3DulWru4r3tRGJk6wqC709gTY,,{},t,2026-03-11 01:06:03.383254+00,,,,,,https://drive.google.com/drive/folders/1UEfNzZ_3hmIfyOLJRZ2kk-GMCy0KH9It,,0
5a96067c-558a-4684-8a48-22cb459a8d52,bundle,Validate Business Ideas   Bundle,Validate Business Ideas   Bundle — part of the BUNDLES collection.,bundles,{BUNDLES},,https://drive.google.com/uc?export=download&id=1szzy1k8wCmWcS9erPNinLP7jp9hDaGoK,,{},t,2026-03-11 01:06:03.724598+00,,,,,,https://drive.google.com/drive/folders/1ojUPhLobNOwE106m1I-4LVzFpefqEYQk,,0
dfef009c-99ab-4835-8f5a-b22715d1fa6b,bundle,Digital Customer Service Excellence   Bundle,Digital Customer Service Excellence   Bundle — part of the BUNDLES collection.,bundles,{BUNDLES},https://lh3.googleusercontent.com/d/1tCBl2DmuW6_FVIULxJY90qex_Zoo1tOF,https://drive.google.com/uc?export=download&id=192iibhDcUSqAixIbGbU8kWbF1SOKY69L,,{},t,2026-03-11 01:06:04.076942+00,,,,,,https://drive.google.com/drive/folders/1vOZrj3TGdHtQHCcKyYa4RMH74f7cCtz5,,0
b86d6dfc-ec47-4490-8baf-e8076a2f1ca6,bundle,The Confidence Blueprint   Bundle,The Confidence Blueprint   Bundle — part of the BUNDLES collection.,bundles,{BUNDLES},https://entrepedia-products.com/covers/1759137036394-Book-Cover.jpg,https://drive.google.com/uc?export=download&id=1GV3mdKkWi8JgLPg3rgRQUB1TfL-XuolO,,{},t,2026-03-11 01:06:04.450052+00,,,,,,https://drive.google.com/drive/folders/1WZwc8oZmC01AMWVG1PEHUXjwacm7YXcc,,0
beb1f88c-7293-4a7b-b4e2-91ecfc938dac,bundle,Business Websites Mastery   Bundle,Business Websites Mastery   Bundle — part of the BUNDLES collection.,bundles,{BUNDLES},https://lh3.googleusercontent.com/d/17vXm_nlgAvFXTBt1FkzNCBBSJmSfpitD,https://drive.google.com/uc?export=download&id=16kkWfaOKxsyY-y14voiwZh3ePf6G5VHc,,{},t,2026-03-11 01:06:04.833294+00,,,,,,https://drive.google.com/drive/folders/1nbg2wYuNYBvTqbj7WbKbxP0azN60It2k,,0
ff6c9366-8ee4-4654-8ebb-90aa8fb8690d,bundle,Marketing Plan Simplified   Bundle,Marketing Plan Simplified   Bundle — part of the BUNDLES collection.,bundles,{BUNDLES},https://lh3.googleusercontent.com/d/1CXlXiMCPmqzmq4XQpUMc1XJeeCh-kQ-u,https://drive.google.com/uc?export=download&id=1vU4DksoNJ2Mt9bRxkMpVfTlZzlbDPnwx,,{},t,2026-03-11 01:06:05.18784+00,,,,,,https://drive.google.com/drive/folders/1CPNIFwGcyGUNC5v4WY2Fl0yseb08lnOi,,0
71d357f5-7877-4522-addc-ddd9c7ef412f,bundle,Build Positive Digital Presence Bundle,Build Positive Digital Presence Bundle — part of the BUNDLES collection.,bundles,{BUNDLES},https://lh3.googleusercontent.com/d/1Tk-HeCqQFb9sHAiQTlyEnv0Wq_uUsl9-,https://drive.google.com/uc?export=download&id=1P6Hio2_DEt4jdUMbmyykEXbNgWmC3txZ,,{},t,2026-03-11 01:06:05.580336+00,,,,,,https://drive.google.com/drive/folders/1k9coTwra0pLHhm7_y2dcR6ee-DK8hM0-,,0
a5df9e90-bdfd-40b7-ab5e-82db87016f1d,bundle,Email Marketing Metrics   Bundle,Email Marketing Metrics   Bundle — part of the BUNDLES collection.,bundles,{BUNDLES},https://lh3.googleusercontent.com/d/1QZMlGTa5jU9rIO9Sz9kIfBfD64mp4biE,https://drive.google.com/uc?export=download&id=106Z4EczqnZArajCG-ECzIHRxNz0gyYlf,,{},t,2026-03-11 01:06:05.935183+00,,,,,,https://drive.google.com/drive/folders/19yfEEOOcYAMmawBrsgaHKkPrLPaposWv,,0
8aa20504-9261-4cd5-980c-cedd83e639d1,bundle,Money Psychology in Business   Bundle,Money Psychology in Business   Bundle — part of the BUNDLES collection.,bundles,{BUNDLES},https://lh3.googleusercontent.com/d/14Wunv1-OrTPjCtPMclTFfZOSP-AjJyw6,https://drive.google.com/uc?export=download&id=1tP97a4xtHnIg-Q5Y7NIOFiDcBGijxttb,,{},t,2026-03-11 01:06:06.310351+00,,,,,,https://drive.google.com/drive/folders/1Vf3khREjrpxnWIKmkhpry1bKBb8-5unz,,0
1edd5d6e-bbee-4018-8fc8-3c384472f673,bundle,How to Build a Website   Bundle,How to Build a Website   Bundle — part of the BUNDLES collection.,bundles,{BUNDLES},https://lh3.googleusercontent.com/d/1v9f72nmyx57YXuJuNUDsRhmjAlFEINBC,https://drive.google.com/uc?export=download&id=1My0xuJn6u0IwQ9PdtXD5kuxpzfteX9e7,,{},t,2026-03-11 01:06:06.682852+00,,,,,,https://drive.google.com/drive/folders/1jYm6VxagfrGE_IB3bPwl7G19sQ_n55fe,,0
34790bcf-87fc-40d9-8de6-20882ebc10a3,bundle,Writing That Sticks   Bundle,Writing That Sticks   Bundle — part of the BUNDLES collection.,bundles,{BUNDLES},https://drive.google.com/thumbnail?id=1DVgiYNoeBgthtr8hwKZ9XHqJZiYA6wmG&sz=w800,,,{},t,2026-03-11 01:06:07.084797+00,,,,,,https://drive.google.com/drive/folders/1SXRryF9dTEaJSMAXRwoJo3AAhCo-Yy7A,,0
92b213dd-ebb3-452e-802c-91dd4e6248ae,bundle,Freelance Standout   Bundle,Freelance Standout   Bundle — part of the BUNDLES collection.,bundles,{BUNDLES},,https://drive.google.com/uc?export=download&id=1BsE7I8wrT1j94uqdtunQQWJkx6QYRDuD,,{},t,2026-03-11 01:06:07.475957+00,,,,,,https://drive.google.com/drive/folders/1km49H0hryViZh7tJ7HunPzMi3t3aD9Pe,,0
6675db15-298d-41f0-a944-ea7273797a49,bundle,Winning Product Research   Bundle,Winning Product Research   Bundle — part of the BUNDLES collection.,bundles,{BUNDLES},https://lh3.googleusercontent.com/d/1XjMsoEZ9znawd0jG9bcqa3ro-QMkp6iu,https://drive.google.com/uc?export=download&id=1uSv9_sRmL41GXmGqV17vFJwxW_66A4xc,,{},t,2026-03-11 01:06:07.891766+00,,,,,,https://drive.google.com/drive/folders/1EnzB76Z53eGzDMIGsnfjRS6vPtUkkl3J,,0
0bcd8aba-b6b5-4c47-9804-afd60123df3e,bundle,Building a Powerful Brand   Bundle,Building a Powerful Brand   Bundle — part of the BUNDLES collection.,bundles,{BUNDLES},,https://drive.google.com/uc?export=download&id=1ITOsK36g0vdzAwodpT7F40ypxOZlOSIN,,{},t,2026-03-11 01:06:08.254197+00,,,,,,https://drive.google.com/drive/folders/1NQxoUETn2arlLhO3I1I6t_YGcUAGEEkK,,0
b13f5f4e-4b20-47a4-b89c-3a4877f5944f,bundle,Lifecycle Email Marketing   Bundle,Lifecycle Email Marketing   Bundle — part of the BUNDLES collection.,bundles,{BUNDLES},https://lh3.googleusercontent.com/d/1pmy9lwUXPGrK78tyZ9zaSUMaFdy3zfXA,https://drive.google.com/uc?export=download&id=1uMB15PeKCAnNinWtHCtXiB2GbbKp1CRT,,{},t,2026-03-11 01:06:08.637934+00,,,,,,https://drive.google.com/drive/folders/1b-fcHWy_U0Qh54TLtgvI08TwXoaXPisn,,0
924bc8ba-bf85-4983-b8e1-2eb3b07a10d5,bundle,Building Your Coaching Business,Building Your Coaching Business — part of the BUNDLES collection.,bundles,{BUNDLES},https://entrepedia-products.com/covers/1762245316686-Book-Cover.jpg,,,{},t,2026-03-11 01:06:08.912569+00,,,,,,https://drive.google.com/drive/folders/1JxdWZgmVrQI0Cbu3m1t0lGSXrs8ZqCZN,,0
0a4e7084-77d5-4d4d-a8de-b27584c012de,bundle,Productivity with ADHD   Bundle,Productivity with ADHD   Bundle — part of the BUNDLES collection.,bundles,{BUNDLES},https://lh3.googleusercontent.com/d/1HPcoG2rPJIs5CQsziYutefYIPACbiEsq,https://drive.google.com/uc?export=download&id=1tji60yL8xmCo5qqU3TUlfZocMYlsFYEh,,{},t,2026-03-11 01:06:09.220579+00,,,,,,https://drive.google.com/drive/folders/1mxuKjTGOm4qfvGpg1zWn463rJwC1aokZ,,0
4e703249-0bfb-4cc7-a499-3b83a951f596,bundle,How to Run Effective Customer Interviews,How to Run Effective Customer Interviews — part of the BUNDLES collection.,bundles,{BUNDLES},https://drive.google.com/thumbnail?id=1nZCAxccXtwgJko2moIiKIh0nWZtv4dA2&sz=w800,,,{},t,2026-03-11 01:06:09.603624+00,,,,,,https://drive.google.com/drive/folders/1MmBKDuMaVyTSGZWj4F8FJbyRkAAQ6zUJ,,0
2d988939-0136-4474-adb0-1c0bc600f35d,bundle,Designing a Profitable Business Model   Bundle,Designing a Profitable Business Model   Bundle — part of the BUNDLES collection.,bundles,{BUNDLES},https://entrepedia-products.com/covers/1762786018862-Book-Cover.jpg,,,{},t,2026-03-11 01:06:09.968354+00,,,,,,https://drive.google.com/drive/folders/1sLA-cFn6UAAElolmCaZ8tVDpaZcTFxIm,,0
de8f02c9-df5b-4a57-b441-7bdbc9f7bf08,bundle,Small Business Budgeting,Small Business Budgeting — part of the BUNDLES collection.,bundles,{BUNDLES},,,,{},t,2026-03-11 01:06:10.277014+00,,,,,,https://drive.google.com/drive/folders/1uxbuIeaVGPvWVRYE5G1PrQzJqITV4ML8,,0
c765b3fb-4ed1-4b41-8998-6fa1fa726010,bundle,Optimizing Email Open Rates   Bundle,Optimizing Email Open Rates   Bundle — part of the BUNDLES collection.,bundles,{BUNDLES},,,,{},t,2026-03-11 01:06:10.63081+00,,,,,,https://drive.google.com/drive/folders/1BmuQsoxbOp-xD4HG6VVknGP7VWwgova0,,0
4358ffc1-6d58-4a7f-9178-282d9321e9b1,bundle,Understanding Business Metrics   Bundle,Understanding Business Metrics   Bundle — part of the BUNDLES collection.,bundles,{BUNDLES},https://lh3.googleusercontent.com/d/1DewekUIx8O2rG-h1wsjpxKMklHpbQ0cU,https://drive.google.com/uc?export=download&id=1m5t59mFUV13n0fpf6ApcXtKLrOV_RgXa,,{},t,2026-03-11 01:06:10.992685+00,,,,,,https://drive.google.com/drive/folders/1AQmlQOLYe5MkxZ4nAFYEkmehVxuAejp7,,0
6f369bbc-3a78-4d65-aed8-8db775dbc245,bundle,Bootstrapping Your Startup   Bundle,Bootstrapping Your Startup   Bundle — part of the BUNDLES collection.,bundles,{BUNDLES},,,,{},t,2026-03-11 01:06:11.620764+00,,,,,,https://drive.google.com/drive/folders/139UJ6ovVzNUjdAI_lDIwBffw68KU1d8J,,0
358991e6-4bd3-470f-b13a-3b288cfeedd8,bundle,Become Creative Genius,Become Creative Genius — part of the BUNDLES collection.,bundles,{BUNDLES},,https://drive.google.com/uc?export=download&id=1ObV4hwvg2PorUpB58vU9jmD5Ib15Byul,,{},t,2026-03-11 01:06:11.946285+00,,,,,,https://drive.google.com/drive/folders/1clbG6fZvyeaEpfnFGHR9KNpUdGudZ-nD,,0
6d85f518-5694-4ad0-a95c-e245b8f850c5,bundle,Reputation Revolution   Bundle,Reputation Revolution   Bundle — part of the BUNDLES collection.,bundles,{BUNDLES},https://lh3.googleusercontent.com/d/1iNuLjySiqKwOy2dZ9z1LE3D1K6EH_gVV,https://drive.google.com/uc?export=download&id=1Y-YMFuLuuqmtSmFn7FPRL48DvMGcHJnI,,{},t,2026-03-11 01:06:12.348168+00,,,,,,https://drive.google.com/drive/folders/1jbh2i8ogHXcabWFhqOPE5KvI1VX5DjAb,,0
89718d04-1005-4455-aeeb-41fd54d48272,bundle,High Ticket Affiliate Marketing   Bundle,High Ticket Affiliate Marketing   Bundle — part of the BUNDLES collection.,bundles,{BUNDLES},https://lh3.googleusercontent.com/d/1Gu20NWNVtGcN0bFgcYtt1S67nDVLbTYD,https://drive.google.com/uc?export=download&id=1w6xAYfoTJ-Lf_9ak7maPxqtfJMVsrIJr,,{},t,2026-03-11 01:06:12.693124+00,,,,,,https://drive.google.com/drive/folders/1Uz9uTQrY5z1luzTAp220uFCQWGmiDejx,,0
dca8d6ca-0586-457f-b39b-9d79519e534f,bundle,Power of SMS Marketing   Bundle,Power of SMS Marketing   Bundle — part of the BUNDLES collection.,bundles,{BUNDLES},,https://drive.google.com/uc?export=download&id=1eFOLv7nbBChgpGjIvFekfndrwrCWasX3,,{},t,2026-03-11 01:06:13.045645+00,,,,,,https://drive.google.com/drive/folders/198BAO0mxrOhDYH6UMmIV0Ppu4BsRwX9r,,0
d1ec16d3-2523-4ed1-8a9e-da8f4e98bfda,bundle,The Psychology of Conversions   Bundle,The Psychology of Conversions   Bundle — part of the BUNDLES collection.,bundles,{BUNDLES},,https://drive.google.com/uc?export=download&id=1luFEiom-lI6kLZ0dM53Y-FH3iNcM53m-,,{},t,2026-03-11 01:06:13.407248+00,,,,,,https://drive.google.com/drive/folders/10lm-CLPYT1jBgbG_P-UJYNMsDqDCSBS7,,0
1c5428af-81b9-40b2-98ab-ad5d4e6b3406,bundle,Automation in Small Businesses,Automation in Small Businesses — part of the BUNDLES collection.,bundles,{BUNDLES},,https://drive.google.com/uc?export=download&id=1ZIIVEj_9mXWk2J0yXhAITiN9DQgq2RaH,,{},t,2026-03-11 01:06:13.815775+00,,,,,,https://drive.google.com/drive/folders/1arT-XHiQ5cMWz_6lFl6-4uWYOaN2uP7o,,0
b35c9e13-8bcd-49ca-adc0-18b2ed86bbf3,workbook,Money Psychology in Business   Workbook,Money Psychology in Business   Workbook — part of the WORKBOOK collection.,workbook,{WORKBOOK},https://lh3.googleusercontent.com/d/1Wbx9pYQWo8fV6Q9gQ68UKiL0As3ykF0z,https://drive.google.com/uc?export=download&id=1R_xjqV15YfgCvrityWvGgqUehss28aop,,{},t,2026-03-11 01:06:14.71335+00,,,,,,https://drive.google.com/drive/folders/1hC_OTnAQ03zHZ6gxGvf2pVkQPv8jP362,,0
53665177-3d25-4326-97a6-1f497f7094c2,workbook,Confidently Close Every Call   Workbook,Confidently Close Every Call   Workbook — part of the WORKBOOK collection.,workbook,{WORKBOOK},https://lh3.googleusercontent.com/d/15ZTQw7apPaz84b_FqdLEypNY2PdpaQA1,https://drive.google.com/uc?export=download&id=14XAolTzUVR6a4_LBoxJ0vEvkH3Jfh-JG,,{},t,2026-03-11 01:06:15.071051+00,,,,,,https://drive.google.com/drive/folders/1hC_OTnAQ03zHZ6gxGvf2pVkQPv8jP362,,0
d50ca345-6508-4dc1-be7e-b00147dcb96d,workbook,Understanding Business Metrics   Workbook,Understanding Business Metrics   Workbook — part of the WORKBOOK collection.,workbook,{WORKBOOK},https://lh3.googleusercontent.com/d/1RKGYl_IBiQkJohudTO0KgnmbLq5jQ3vb,https://drive.google.com/uc?export=download&id=17NGPzPdl_xqJqMKRIuJhQetg_zZunmsj,,{},t,2026-03-11 01:06:15.426391+00,,,,,,https://drive.google.com/drive/folders/1hC_OTnAQ03zHZ6gxGvf2pVkQPv8jP362,,0
86d65b91-d46c-457d-86e6-c2d1828c9f65,workbook,Email Marketing Metrics   Workbook,Email Marketing Metrics   Workbook — part of the WORKBOOK collection.,workbook,{WORKBOOK},https://lh3.googleusercontent.com/d/1PmuBzBuwU5vVao3WSz8SLyozQYctlGLw,https://drive.google.com/uc?export=download&id=11q8KKeRIn1rNzYTq7AbO3MEguT0_w79U,,{},t,2026-03-11 01:06:15.80246+00,,,,,,https://drive.google.com/drive/folders/1hC_OTnAQ03zHZ6gxGvf2pVkQPv8jP362,,0
6e5b68c8-7176-4f04-861c-53f6d6b29e88,workbook,Productivity with ADHD   Workbook,Productivity with ADHD   Workbook — part of the WORKBOOK collection.,workbook,{WORKBOOK},https://lh3.googleusercontent.com/d/18t2R9_h1bz6e2VqeTeQJPj9KxII-gNAe,https://drive.google.com/uc?export=download&id=1icTVkhe_bullkSOHm2jqQLQGM-vm43r0,,{},t,2026-03-11 01:06:16.186513+00,,,,,,https://drive.google.com/drive/folders/1hC_OTnAQ03zHZ6gxGvf2pVkQPv8jP362,,0
4e7f87c8-a400-4b7e-8afd-dbee3e4c5fdb,workbook,High Ticket Affiliate Marketing   Workbook,High Ticket Affiliate Marketing   Workbook — part of the WORKBOOK collection.,workbook,{WORKBOOK},https://lh3.googleusercontent.com/d/1mTmP7t2hfcZovGwIR9stPmX6FCXeZzrq,https://drive.google.com/uc?export=download&id=1wY50jI7YdkNyHJsAlMtiHS-tS10PAvPR,,{},t,2026-03-11 01:06:16.548093+00,,,,,,https://drive.google.com/drive/folders/1hC_OTnAQ03zHZ6gxGvf2pVkQPv8jP362,,0
71e0e171-81c5-4571-bda1-ff3de816b29d,workbook,Lifecycle Email Marketing   Workbook,Lifecycle Email Marketing   Workbook — part of the WORKBOOK collection.,workbook,{WORKBOOK},https://lh3.googleusercontent.com/d/1p9RoiYaXT0B7sdma6vuDMw3J3__58ZJq,https://drive.google.com/uc?export=download&id=1q1Gn5s9S0zKvHWJ-z21wCLRcgrYKUYJ5,,{},t,2026-03-11 01:06:16.902724+00,,,,,,https://drive.google.com/drive/folders/1hC_OTnAQ03zHZ6gxGvf2pVkQPv8jP362,,0
cb4ff862-5808-4540-9064-89879a6cf3bc,workbook,Google Business Profiles   Workbook,Google Business Profiles   Workbook — part of the WORKBOOK collection.,workbook,{WORKBOOK},https://lh3.googleusercontent.com/d/1k2mhuqN64g9kTYu0W5Fc-UL_DLUL7TUA,https://drive.google.com/uc?export=download&id=1LWpq9K9Xadl-6Q1-l3NqFosYqY-KrFwP,,{},t,2026-03-11 01:06:17.274675+00,,,,,,https://drive.google.com/drive/folders/1hC_OTnAQ03zHZ6gxGvf2pVkQPv8jP362,,0
0ddc7c50-e647-4392-b681-418026360615,workbook,Meta Ads Made Affordable   Workbook,Meta Ads Made Affordable   Workbook — part of the WORKBOOK collection.,workbook,{WORKBOOK},https://lh3.googleusercontent.com/d/1wHSD6N3uVxF2i9e65iZQhhPbAwX16P61,https://drive.google.com/uc?export=download&id=14oafOPjQ5oMtN29YfA6DAE0SuUfCc5tk,,{},t,2026-03-11 01:06:17.628953+00,,,,,,https://drive.google.com/drive/folders/1hC_OTnAQ03zHZ6gxGvf2pVkQPv8jP362,,0
eba5aabd-0a40-4636-875b-aad20e395d06,workbook,Your Business Plan Playbook   Workbook,Your Business Plan Playbook   Workbook — part of the WORKBOOK collection.,workbook,{WORKBOOK},https://lh3.googleusercontent.com/d/1_3V823Dzwg2HsfzqM7amaBxJWE-hiTWs,https://drive.google.com/uc?export=download&id=1zef1rENhcTi1IvnScvlxsrEpxGd8rmzA,,{},t,2026-03-11 01:06:17.961789+00,,,,,,https://drive.google.com/drive/folders/1hC_OTnAQ03zHZ6gxGvf2pVkQPv8jP362,,0
fa607e1b-9284-4e17-8e3c-e71d27000090,workbook,How to Build a Website   Workbook,How to Build a Website   Workbook — part of the WORKBOOK collection.,workbook,{WORKBOOK},https://lh3.googleusercontent.com/d/1Yl6WocnI8bkzSmV_V33ahcgLC_xA3k1a,https://drive.google.com/uc?export=download&id=1p5NTwjbiji00E8wQqEQLku5e-HLodfRm,,{},t,2026-03-11 01:06:18.3077+00,,,,,,https://drive.google.com/drive/folders/1hC_OTnAQ03zHZ6gxGvf2pVkQPv8jP362,,0
593d85bf-af42-45c3-8402-5a2ee4b7726d,workbook,Google Search Ads Unlocked   Workbook (3),Google Search Ads Unlocked   Workbook (3) — part of the WORKBOOK collection.,workbook,{WORKBOOK},https://lh3.googleusercontent.com/d/1hMKkcQ1HEcqGmFsIwRowsdSu526nyxBh,https://drive.google.com/uc?export=download&id=1EMZxdiInvrF59Bqqr2C8NknROFs5sphH,,{},t,2026-03-11 01:06:19.108637+00,,,,,,https://drive.google.com/drive/folders/1hC_OTnAQ03zHZ6gxGvf2pVkQPv8jP362,,0
790ff893-9e14-4983-b915-4c1bf5d207fa,workbook,Winning Product Research   Workbook,Winning Product Research   Workbook — part of the WORKBOOK collection.,workbook,{WORKBOOK},https://lh3.googleusercontent.com/d/18KDq25Swm4m8Q9_FcCUblu73BIwGuaZJ,https://drive.google.com/uc?export=download&id=1lY1A0WaCBapmN5wYg-aS34W2aQqZOzs6,,{},t,2026-03-11 01:06:19.457202+00,,,,,,https://drive.google.com/drive/folders/1hC_OTnAQ03zHZ6gxGvf2pVkQPv8jP362,,0
6c12020a-af19-4fdb-950e-3d62e30f8296,workbook,Reputation Revolution   Workbook,Reputation Revolution   Workbook — part of the WORKBOOK collection.,workbook,{WORKBOOK},https://lh3.googleusercontent.com/d/1ebBv-9DDZW_PZpzvHHExLB-olxsgXAQd,https://drive.google.com/uc?export=download&id=1Alb-Wwn_T4smfmhWRTCbpMOQ4-CJatmf,,{},t,2026-03-11 01:06:19.827558+00,,,,,,https://drive.google.com/drive/folders/1hC_OTnAQ03zHZ6gxGvf2pVkQPv8jP362,,0
e702afe7-bbfe-4a87-b15e-18f60631b55f,workbook,MicroSaaS Success Blueprint   Workbook,MicroSaaS Success Blueprint   Workbook — part of the WORKBOOK collection.,workbook,{WORKBOOK},https://lh3.googleusercontent.com/d/1Zoa4c0p3RZb7OpnZGvVrUlGYaGWOn4sL,https://drive.google.com/uc?export=download&id=1r97NNz-gnnt50WQB6IG6S7FQOBOBb1P6,,{},t,2026-03-11 01:06:20.271013+00,,,,,,https://drive.google.com/drive/folders/1hC_OTnAQ03zHZ6gxGvf2pVkQPv8jP362,,0
aff79c46-d67f-4c89-acef-acf467e4c904,workbook,Business Websites Mastery   Workbook,Business Websites Mastery   Workbook — part of the WORKBOOK collection.,workbook,{WORKBOOK},https://lh3.googleusercontent.com/d/1EUYxKWzNB6JoVPMB8ggijv--C3f7ZH2J,https://drive.google.com/uc?export=download&id=10c7Kgp42pzWTyc-A0kWy7msbUjbgNUZd,,{},t,2026-03-11 01:06:20.646558+00,,,,,,https://drive.google.com/drive/folders/1hC_OTnAQ03zHZ6gxGvf2pVkQPv8jP362,,0
0a8daa71-cf70-4e3b-8818-6fe1032c54db,guide,Content Funnel Mapping   Checklist,Content Funnel Mapping   Checklist — part of the GUIDE collection.,guide,{GUIDE},https://lh3.googleusercontent.com/d/1E-xIQCG-kVP7F3lJJnNbCjz6YMOge4sO,https://drive.google.com/uc?export=download&id=1TznH4Rk822EPgVH1UpY-uCHe1pc-MayT,,{},t,2026-03-11 01:06:21.529551+00,,,,,,https://drive.google.com/drive/folders/1hC_OTnAQ03zHZ6gxGvf2pVkQPv8jP362,,0
e888f5e6-1824-4aaa-92c5-bd556a8b1607,guide,Craf Your One Sentece Hook   Checklist,Craf Your One Sentece Hook   Checklist — part of the GUIDE collection.,guide,{GUIDE},https://lh3.googleusercontent.com/d/156xRCTNFckg2CZATtzrdcAsQWC8zFz-y,https://drive.google.com/uc?export=download&id=1I2yJifnEVkcXITg8ABExXh1T13R324wt,,{},t,2026-03-11 01:06:21.908542+00,,,,,,https://drive.google.com/drive/folders/1hC_OTnAQ03zHZ6gxGvf2pVkQPv8jP362,,0
821d3a02-4c34-4646-b271-5a838f578d04,guide,Performance Tracking Infrastructure   Checklist,Performance Tracking Infrastructure   Checklist — part of the GUIDE collection.,guide,{GUIDE},https://lh3.googleusercontent.com/d/1LCfc3d4JD7hLBPdIUTyS24lZaWOAtqfV,https://drive.google.com/uc?export=download&id=1fvGgd89HnyowWV46zdzCjk33C4TZaSod,,{},t,2026-03-11 01:06:22.267104+00,,,,,,https://drive.google.com/drive/folders/1hC_OTnAQ03zHZ6gxGvf2pVkQPv8jP362,,0
9f6e766f-9c24-4ffb-ba66-166175649fb8,guide,Secure Every Account You Own   Checklist,Secure Every Account You Own   Checklist — part of the GUIDE collection.,guide,{GUIDE},https://lh3.googleusercontent.com/d/1sslknukROBGxfARtT5IaMopE3erJnX-o,https://drive.google.com/uc?export=download&id=1__ibAvHPfI0PWw5wJn6LL02Fn4gqmZgE,,{},t,2026-03-11 01:06:22.633503+00,,,,,,https://drive.google.com/drive/folders/1hC_OTnAQ03zHZ6gxGvf2pVkQPv8jP362,,0
8aedb6b8-5138-44c1-9c04-4551db15d1d7,guide,The AB Scaling Execution   Checklist,The AB Scaling Execution   Checklist — part of the GUIDE collection.,guide,{GUIDE},https://lh3.googleusercontent.com/d/1O2FL9GoZsdS0JFxxw0H2OkmXZBjyftJg,https://drive.google.com/uc?export=download&id=1O5SqyB3Z8gqcmJ2L3Wi9Wa9UXqALq7oW,,{},t,2026-03-11 01:06:23.005796+00,,,,,,https://drive.google.com/drive/folders/1hC_OTnAQ03zHZ6gxGvf2pVkQPv8jP362,,0
81aa45f5-d9e8-4ea6-9c8c-a8ce8bfc5ab2,guide,5 Minute Password Manager Setup   Guide,5 Minute Password Manager Setup   Guide — part of the GUIDE collection.,guide,{GUIDE},https://lh3.googleusercontent.com/d/19XOirVWshNmWae_htGtWEr7qOjK4HEAL,https://drive.google.com/uc?export=download&id=1GoLPbyNCNuRBUzdiGsfzPeqt6TkW6FEf,,{},t,2026-03-11 01:06:23.356651+00,,,,,,https://drive.google.com/drive/folders/1hC_OTnAQ03zHZ6gxGvf2pVkQPv8jP362,,0
fe5e07f5-67dd-4135-b0e2-853c2284786a,guide,5 Step Content Extraction Workflow   Guide,5 Step Content Extraction Workflow   Guide — part of the GUIDE collection.,guide,{GUIDE},https://lh3.googleusercontent.com/d/1mFrmADkAFDznaOe9f79L8qgp15ru5YNj,https://drive.google.com/uc?export=download&id=1KRIA6cYaTvZJqalSeBbShgBMNPq-a1Ca,,{},t,2026-03-11 01:06:23.663105+00,,,,,,https://drive.google.com/drive/folders/1hC_OTnAQ03zHZ6gxGvf2pVkQPv8jP362,,0
cf0be4a5-7105-47cb-84c8-7013baadd60b,guide,7 Day UGC Collection System Setup   Guide,7 Day UGC Collection System Setup   Guide — part of the GUIDE collection.,guide,{GUIDE},https://lh3.googleusercontent.com/d/1dx6VHFkBwHngLnGWgmOfUrGHkN_MzSot,https://drive.google.com/uc?export=download&id=176-89F2LUb_SXKdjvheNemASpRKNgcGu,,{},t,2026-03-11 01:06:24.018575+00,,,,,,https://drive.google.com/drive/folders/1hC_OTnAQ03zHZ6gxGvf2pVkQPv8jP362,,0
eeff3c87-22af-4bff-aa14-a6ac44b9b8ac,guide,Build Your First Habit Molecule   Guide,Build Your First Habit Molecule   Guide — part of the GUIDE collection.,guide,{GUIDE},https://lh3.googleusercontent.com/d/1PPvkwDEwi3xq7uKrU52W1eSs6Sok_0Wq,https://drive.google.com/uc?export=download&id=1-9aVioYZSWvyHglZuzbQy1URrXosQqlQ,,{},t,2026-03-11 01:06:24.392006+00,,,,,,https://drive.google.com/drive/folders/1hC_OTnAQ03zHZ6gxGvf2pVkQPv8jP362,,0
2d1093a7-6583-4a78-a084-3246e1868f58,guide,Discovering High Value Voice Search Opportunities   Guide,Discovering High Value Voice Search Opportunities   Guide — part of the GUIDE collection.,guide,{GUIDE},https://lh3.googleusercontent.com/d/1aoF2Nqy2aOqcK8tPdwJX5hgGkt1U66x0,https://drive.google.com/uc?export=download&id=1cRLisddTFOpSA4Fv2rRORel7JDRDeF2I,,{},t,2026-03-11 01:06:24.765525+00,,,,,,https://drive.google.com/drive/folders/1hC_OTnAQ03zHZ6gxGvf2pVkQPv8jP362,,0
bc74edae-a478-4a8b-9680-8def257050f2,guide,Emotional Self Awareness Compass   Guide,Emotional Self Awareness Compass   Guide — part of the GUIDE collection.,guide,{GUIDE},https://lh3.googleusercontent.com/d/1Dw3dYRzgx6LRuAd96KZ0xwaQY5bsiA7P,https://drive.google.com/uc?export=download&id=1-4bvBR4EllAGQs0GXIUgsH73UJ06LaWb,,{},t,2026-03-11 01:06:25.128069+00,,,,,,https://drive.google.com/drive/folders/1hC_OTnAQ03zHZ6gxGvf2pVkQPv8jP362,,0
a8d86772-2078-43d4-a73f-0de2d71b7df5,guide,Engineer BOFU Pages that Convert   Guide,Engineer BOFU Pages that Convert   Guide — part of the GUIDE collection.,guide,{GUIDE},https://lh3.googleusercontent.com/d/1xhV3SLc6cr_2Cp1AVfQc8TrcqKMOxhMS,https://drive.google.com/uc?export=download&id=12pHDycgX5nieUvjwgONFo6Cg07d_z9mz,,{},t,2026-03-11 01:06:25.46901+00,,,,,,https://drive.google.com/drive/folders/1hC_OTnAQ03zHZ6gxGvf2pVkQPv8jP362,,0
a9700ebf-1201-4c2c-b144-53635b9a624b,guide,Keyword Validation Blueprint   Guide,Keyword Validation Blueprint   Guide — part of the GUIDE collection.,guide,{GUIDE},https://lh3.googleusercontent.com/d/1I2Nlq4cX1Zez-tdIk2u40Tcr5tpn9f-j,https://drive.google.com/uc?export=download&id=162EzxTQsQSU3qvrC-QgQrqUxwOQ6KyGe,,{},t,2026-03-11 01:06:25.807725+00,,,,,,https://drive.google.com/drive/folders/1hC_OTnAQ03zHZ6gxGvf2pVkQPv8jP362,,0
092b198a-b660-4850-8d7b-c2985ae22066,guide,LinkedIn Lead Form Optimization   Guide,LinkedIn Lead Form Optimization   Guide — part of the GUIDE collection.,guide,{GUIDE},https://lh3.googleusercontent.com/d/1X6Cf3YMI54VZfS_sLIOUPkyzYSfncvBl,https://drive.google.com/uc?export=download&id=1E2okGqS42XBS2zt0g2L1eXBWMsX76BeJ,,{},t,2026-03-11 01:06:26.1582+00,,,,,,https://drive.google.com/drive/folders/1hC_OTnAQ03zHZ6gxGvf2pVkQPv8jP362,,0
80a5f2ba-6d69-4da2-800f-fde4f0cb393c,guide,Two Factor Authentication Quick Start   Guide,Two Factor Authentication Quick Start   Guide — part of the GUIDE collection.,guide,{GUIDE},https://lh3.googleusercontent.com/d/19aDxdEl2pBt1O6km5t1g9XKmhmAA1eu_,https://drive.google.com/uc?export=download&id=1sJ0i191KUxWRd7Kn_CHFykOl8JKdkrrd,,{},t,2026-03-11 01:06:26.505351+00,,,,,,https://drive.google.com/drive/folders/1hC_OTnAQ03zHZ6gxGvf2pVkQPv8jP362,,0
9f352b64-be11-42ba-b6c6-7f97b23b105b,guide,Winning Position Zero   Guide,Winning Position Zero   Guide — part of the GUIDE collection.,guide,{GUIDE},https://lh3.googleusercontent.com/d/1gh58PcTzZec1Gc01fmv1tKkX5hJzkWCT,https://drive.google.com/uc?export=download&id=1fV809bw2mCTw7r8wJVohlbv3NR3WHhqJ,,{},t,2026-03-11 01:06:26.872186+00,,,,,,https://drive.google.com/drive/folders/1hC_OTnAQ03zHZ6gxGvf2pVkQPv8jP362,,0
8d0b31f6-d95e-43ab-aff1-fac6410ce6ea,guide,The 5 Second Formula   Guide,The 5 Second Formula   Guide — part of the GUIDE collection.,guide,{GUIDE},https://lh3.googleusercontent.com/d/1auEmt0Th6SAi0lzovvSwe4UXFOvk80-y,https://drive.google.com/uc?export=download&id=1-GHswnsOzieEJSD5u8Zktbr9LOFeJT7x,,{},t,2026-03-11 01:06:27.200095+00,,,,,,https://drive.google.com/drive/folders/1hC_OTnAQ03zHZ6gxGvf2pVkQPv8jP362,,0
fbd17572-55a0-418a-be4a-2c1d38582049,guide,Strategic YouTube Campaign Creator   Guide,Strategic YouTube Campaign Creator   Guide — part of the GUIDE collection.,guide,{GUIDE},https://lh3.googleusercontent.com/d/1pWn7QpPN8OUPrlo0iQVoIrEqtQEWitQS,https://drive.google.com/uc?export=download&id=1LSvOQscMWOuHxTfFpMC3DifjBqjtxnad,,{},t,2026-03-11 01:06:27.673187+00,,,,,,https://drive.google.com/drive/folders/1hC_OTnAQ03zHZ6gxGvf2pVkQPv8jP362,,0
74bbc44c-b165-4357-bc35-91ea5d232021,guide,Boundaries that Work at Work   Guide,Boundaries that Work at Work   Guide — part of the GUIDE collection.,guide,{GUIDE},https://lh3.googleusercontent.com/d/1Oxm6-cWDQBxpGRZsTZhV-g_uLt_g9zLw,https://drive.google.com/uc?export=download&id=192i3Ad4g2FXWpK2AcwVgPdUhMDpBk6Ib,,{},t,2026-03-11 01:06:28.019098+00,,,,,,https://drive.google.com/drive/folders/1hC_OTnAQ03zHZ6gxGvf2pVkQPv8jP362,,0
e1b7b311-524d-4b35-96ef-7433bc9fdf91,guide,Professional Story Library Creator   Guide,Professional Story Library Creator   Guide — part of the GUIDE collection.,guide,{GUIDE},https://lh3.googleusercontent.com/d/10p1xKqWzitl9lzm19c2qUKh3YJrpuqja,https://drive.google.com/uc?export=download&id=1HvWNbyR5rEHgFlQCJkkJoTWvTgEoNRp-,,{},t,2026-03-11 01:06:28.361028+00,,,,,,https://drive.google.com/drive/folders/1hC_OTnAQ03zHZ6gxGvf2pVkQPv8jP362,,0
9735bcf8-62ac-4bcb-9578-a56b488edd98,guide,SOP Training Implementation Framework   Guide,SOP Training Implementation Framework   Guide — part of the GUIDE collection.,guide,{GUIDE},https://lh3.googleusercontent.com/d/18eiloxIvgGirMNWWiaEOD21wz2k1y3o6,https://drive.google.com/uc?export=download&id=1M2Fu-D3g9uDKgHsZJjc67oSgDG4C81ge,,{},t,2026-03-11 01:06:28.700184+00,,,,,,https://drive.google.com/drive/folders/1hC_OTnAQ03zHZ6gxGvf2pVkQPv8jP362,,0
a5ff10b4-188b-4024-9848-e78feadf9836,guide,Think Clearly with ABCD Method   Guide,Think Clearly with ABCD Method   Guide — part of the GUIDE collection.,guide,{GUIDE},https://lh3.googleusercontent.com/d/1vPJgnhnPIS613d30Je87MzdW_eKamYo6,https://drive.google.com/uc?export=download&id=18nZW0GwcWJTE8wXENqYh0vbjjJDizxhl,,{},t,2026-03-11 01:06:29.038572+00,,,,,,https://drive.google.com/drive/folders/1hC_OTnAQ03zHZ6gxGvf2pVkQPv8jP362,,0
7de59df4-3242-4183-9506-ab17b82ce7e6,guide,Pre Interview Confidence Protocol   Guide,Pre Interview Confidence Protocol   Guide — part of the GUIDE collection.,guide,{GUIDE},https://lh3.googleusercontent.com/d/1v6E92kd8KaBg_gv3KO4kFu1z-AGdvLFi,https://drive.google.com/uc?export=download&id=11ixUQIRAsGNpr0v6UKW6MFpS9apj_07B,,{},t,2026-03-11 01:06:29.409462+00,,,,,,https://drive.google.com/drive/folders/1hC_OTnAQ03zHZ6gxGvf2pVkQPv8jP362,,0
feb78915-3032-4a41-bfef-e3182c8390a3,guide,E Commerce Margin Optimization   Guide,E Commerce Margin Optimization   Guide — part of the GUIDE collection.,guide,{GUIDE},https://lh3.googleusercontent.com/d/1qByvNnLp643CJrU1zFjdefm7tjP5ScSO,https://drive.google.com/uc?export=download&id=199xZcba_82Ad51yQhj08hEwAWfFw9lFz,,{},t,2026-03-11 01:06:29.737168+00,,,,,,https://drive.google.com/drive/folders/1hC_OTnAQ03zHZ6gxGvf2pVkQPv8jP362,,0
043f1306-bb1b-4c35-bfe1-7ac6d9c35e74,guide,The Niche Revenue Architecture Planner   Guide,The Niche Revenue Architecture Planner   Guide — part of the GUIDE collection.,guide,{GUIDE},https://lh3.googleusercontent.com/d/1xKUL0VSwXFuHvH5yGaVBbUACsp0djvwQ,https://drive.google.com/uc?export=download&id=1CuSXzqSwbTyeb00P1N3mP-JbLJWqJNmH,,{},t,2026-03-11 01:06:30.107953+00,,,,,,https://drive.google.com/drive/folders/1hC_OTnAQ03zHZ6gxGvf2pVkQPv8jP362,,0
5386cd87-ee6d-4972-898a-2b6c2dc87664,guide,The Multi Bucket Savings System   Guide,The Multi Bucket Savings System   Guide — part of the GUIDE collection.,guide,{GUIDE},https://lh3.googleusercontent.com/d/14ty6VUjaE_Ey_mkCDP7czN7zcW8zc71Z,https://drive.google.com/uc?export=download&id=1vIi4L0-jmVvGNM9RI-g5EDQVRJdxrnL1,,{},t,2026-03-11 01:06:30.457459+00,,,,,,https://drive.google.com/drive/folders/1hC_OTnAQ03zHZ6gxGvf2pVkQPv8jP362,,0
f410fc69-ce9a-4125-9b8b-ed86a5f4654d,guide,The 90 Day Debt Elimination Plan   Guide,The 90 Day Debt Elimination Plan   Guide — part of the GUIDE collection.,guide,{GUIDE},https://lh3.googleusercontent.com/d/16f1Nt1YBWc4HsrzVNDShiOAi9r-b-fz_,https://drive.google.com/uc?export=download&id=1bboNe00ni1s9XZ4Tq5bxClaAkGWC7wPT,,{},t,2026-03-11 01:06:30.792646+00,,,,,,https://drive.google.com/drive/folders/1hC_OTnAQ03zHZ6gxGvf2pVkQPv8jP362,,0
ba26ffa7-43f3-49fe-91cb-53b52d546cd2,guide,Strategic Value Matrix Framework   Guide,Strategic Value Matrix Framework   Guide — part of the GUIDE collection.,guide,{GUIDE},https://lh3.googleusercontent.com/d/1-JTyZ7GleUHP2XUoEvbZNRbsxCMQKy1m,https://drive.google.com/uc?export=download&id=1sOfn-OLl6S0eHvligMSDkb97g5EI0DbD,,{},t,2026-03-11 01:06:31.161348+00,,,,,,https://drive.google.com/drive/folders/1hC_OTnAQ03zHZ6gxGvf2pVkQPv8jP362,,0
a7018b83-b086-4e27-8ef3-f06192de1a86,guide,The Complete Customer Journey Mapping   Guide,The Complete Customer Journey Mapping   Guide — part of the GUIDE collection.,guide,{GUIDE},https://lh3.googleusercontent.com/d/1KvfVXZWl9JRvd8dl_prPZ8ZI1Z5X8ldM,https://drive.google.com/uc?export=download&id=1CJlokwDZ3RB1TLSu5BZKiYUFDIAeLhyK,,{},t,2026-03-11 01:06:31.516085+00,,,,,,https://drive.google.com/drive/folders/1hC_OTnAQ03zHZ6gxGvf2pVkQPv8jP362,,0
97b78f27-81bf-4d97-924a-d0dbd31ce975,guide,The Trust Signal Implementation Framework   Guide,The Trust Signal Implementation Framework   Guide — part of the GUIDE collection.,guide,{GUIDE},https://lh3.googleusercontent.com/d/1IVdHOQqSjPaPfbVuHsEaDxQ2RpksUEGc,https://drive.google.com/uc?export=download&id=1e3GA_Bna2n_ecWbInJd8X2S9dQVJZkbN,,{},t,2026-03-11 01:06:31.892516+00,,,,,,https://drive.google.com/drive/folders/1hC_OTnAQ03zHZ6gxGvf2pVkQPv8jP362,,0
6cbc43b1-9cbf-453f-bfc4-89629bbfe338,guide,Creating Focus Environmet   Guide,Creating Focus Environmet   Guide — part of the GUIDE collection.,guide,{GUIDE},https://lh3.googleusercontent.com/d/1vzxIoYze2UwKrbIxjjyJzPnH4HGrfgjz,https://drive.google.com/uc?export=download&id=1FzvTATDiJKHNxMylyr7FLBbPXd5WjKjW,,{},t,2026-03-11 01:06:32.267028+00,,,,,,https://drive.google.com/drive/folders/1hC_OTnAQ03zHZ6gxGvf2pVkQPv8jP362,,0
31bacc09-136a-4224-80f6-f74bdabab2fb,guide,The RAIN Mindfulness Framework   Guide,The RAIN Mindfulness Framework   Guide — part of the GUIDE collection.,guide,{GUIDE},https://lh3.googleusercontent.com/d/1r1lwidAkc6IeXJ0plx_H6cHArrsuiuI3,https://drive.google.com/uc?export=download&id=1gGUJi4nP3z9dDVdg_PTrj8Lx6YAgY86d,,{},t,2026-03-11 01:06:32.607759+00,,,,,,https://drive.google.com/drive/folders/1hC_OTnAQ03zHZ6gxGvf2pVkQPv8jP362,,0
4c20384c-5a4d-4863-af6c-f1e637e3005b,guide,Customer Data Foundation   Guide,Customer Data Foundation   Guide — part of the GUIDE collection.,guide,{GUIDE},https://lh3.googleusercontent.com/d/15L8jBlv1iiD3P5mGK7C7NleAUQGmtN4o,https://drive.google.com/uc?export=download&id=1Lj2FdFmTTcsL0wneABnu6Iwl75Sbj8Zr,,{},t,2026-03-11 01:06:32.980963+00,,,,,,https://drive.google.com/drive/folders/1hC_OTnAQ03zHZ6gxGvf2pVkQPv8jP362,,0
a69eb7ad-2dd3-4f39-9941-eeea7d7d8ed5,guide,Loyalty Program Playbook   Guide,Loyalty Program Playbook   Guide — part of the GUIDE collection.,guide,{GUIDE},https://lh3.googleusercontent.com/d/1SKqQaYptL7zLTPGerm8VOszVBykhH993,https://drive.google.com/uc?export=download&id=16TmO4OVlpUPOfVqvSPsulySu_OrXdq4R,,{},t,2026-03-11 01:06:33.324776+00,,,,,,https://drive.google.com/drive/folders/1hC_OTnAQ03zHZ6gxGvf2pVkQPv8jP362,,0
81379a54-24e9-4f4e-bc66-6b9c88042958,guide,Preventing Customer Churn   Guide,Preventing Customer Churn   Guide — part of the GUIDE collection.,guide,{GUIDE},https://lh3.googleusercontent.com/d/11Uq6IoSHAow6J9-th4BzGahnpqHkfp3_,https://drive.google.com/uc?export=download&id=1GHGqZ3eIMZxGpw0Ol6blFCHAcWpenAZh,,{},t,2026-03-11 01:06:33.698031+00,,,,,,https://drive.google.com/drive/folders/1hC_OTnAQ03zHZ6gxGvf2pVkQPv8jP362,,0
55a940d4-a07a-4c13-b842-80fcde847bc7,guide,Optimizing First Morning 90 Minutes   Guide,Optimizing First Morning 90 Minutes   Guide — part of the GUIDE collection.,guide,{GUIDE},https://lh3.googleusercontent.com/d/1hsH6O2v-J0mkkqiSQ2g1y5Wg3H3BRjVC,https://drive.google.com/uc?export=download&id=1S-ZlPMeJaeQG65Z9TVBFrvPm55IxXS3N,,{},t,2026-03-11 01:06:34.080575+00,,,,,,https://drive.google.com/drive/folders/1hC_OTnAQ03zHZ6gxGvf2pVkQPv8jP362,,0
945df18e-ce17-4301-bd0d-67f2f74a3f93,guide,The 7 Step Morning Mindfulness Routine   Guide,The 7 Step Morning Mindfulness Routine   Guide — part of the GUIDE collection.,guide,{GUIDE},https://lh3.googleusercontent.com/d/1U4cWd6kPG-Vz9xfo_5rGqp9Ommogh-Sl,https://drive.google.com/uc?export=download&id=1jQ2-7U8_rH7p4cHwaZa6ZdiAsdffcqBC,,{},t,2026-03-11 01:06:34.463271+00,,,,,,https://drive.google.com/drive/folders/1hC_OTnAQ03zHZ6gxGvf2pVkQPv8jP362,,0
bcd60e3c-fdf9-4be4-85f1-0488c7c09c5d,guide,The Evening Preparation Protocol   Guide,The Evening Preparation Protocol   Guide — part of the GUIDE collection.,guide,{GUIDE},https://lh3.googleusercontent.com/d/1Y9tq5PKmdvKvua0Ue6uQfb0IOglbAdAl,https://drive.google.com/uc?export=download&id=1fHqpcnTcyBhPVUOzHr9cCR4lUcdN9bf6,,{},t,2026-03-11 01:06:34.852473+00,,,,,,https://drive.google.com/drive/folders/1hC_OTnAQ03zHZ6gxGvf2pVkQPv8jP362,,0
41762f66-cc40-4a80-b659-30b7aa7d3d9b,guide,Ad Platform Selection Framework   Guide,Ad Platform Selection Framework   Guide — part of the GUIDE collection.,guide,{GUIDE},https://lh3.googleusercontent.com/d/1R8YATzDqlbFXJOTBuRTXNB0fNgBadWGc,https://drive.google.com/uc?export=download&id=1t2ttK6v-LOeO6x2-XHM7jCb5yz08V0P6,,{},t,2026-03-11 01:06:35.267484+00,,,,,,https://drive.google.com/drive/folders/1hC_OTnAQ03zHZ6gxGvf2pVkQPv8jP362,,0
105881dc-c999-4070-aeb3-09d333229def,guide,Create Converting Ads on TikTok   Guide,Create Converting Ads on TikTok   Guide — part of the GUIDE collection.,guide,{GUIDE},https://lh3.googleusercontent.com/d/1OGQDt8U6wixcLMUQmoCN9K32sVWkf7UE,https://drive.google.com/uc?export=download&id=1rmLKUGocDOlntX8tXs_TGcZazxgcylFX,,{},t,2026-03-11 01:06:35.632638+00,,,,,,https://drive.google.com/drive/folders/1hC_OTnAQ03zHZ6gxGvf2pVkQPv8jP362,,0
009d5dcc-0566-42f4-8e7d-3e979de917e5,guide,Custom Audience in Meta Ads   Guide,Custom Audience in Meta Ads   Guide — part of the GUIDE collection.,guide,{GUIDE},https://lh3.googleusercontent.com/d/1R6e6EGrKcWAPuYJkteJS-lcTkIrq3wuj,https://drive.google.com/uc?export=download&id=12Ja2GUKVPOuZhgJ1UHzT1F_7N2mytm-r,,{},t,2026-03-11 01:06:35.987905+00,,,,,,https://drive.google.com/drive/folders/1hC_OTnAQ03zHZ6gxGvf2pVkQPv8jP362,,0
f82f9510-cd39-47b0-8dd2-11c9c94ee139,guide,Headline Framework   Guide,Headline Framework   Guide — part of the GUIDE collection.,guide,{GUIDE},https://lh3.googleusercontent.com/d/1DX-Ddczf7QSh_2qyYaUINMu6D-T1Q-TH,https://drive.google.com/uc?export=download&id=1clpy4yyHAHVA13xpzIEX-w33CdZyHZGD,,{},t,2026-03-11 01:06:36.344274+00,,,,,,https://drive.google.com/drive/folders/1hC_OTnAQ03zHZ6gxGvf2pVkQPv8jP362,,0
e6a0db14-e6bd-49dc-81cf-f48fd7ad4961,guide,Ad Copy A:B Testing   Guide,Ad Copy A:B Testing   Guide — part of the GUIDE collection.,guide,{GUIDE},https://lh3.googleusercontent.com/d/10psT7DtB_UvuJ1CNrpHK7BaRAxEs8sOj,https://drive.google.com/uc?export=download&id=158ysUJbyiIrc2Ahi8_A-vqy4DMbC4v6g,,{},t,2026-03-11 01:06:36.690918+00,,,,,,https://drive.google.com/drive/folders/1hC_OTnAQ03zHZ6gxGvf2pVkQPv8jP362,,0
18c98a9f-a684-42b5-8ead-3a1d317b9a18,guide,Ad Copy Value that Converts   Guide,Ad Copy Value that Converts   Guide — part of the GUIDE collection.,guide,{GUIDE},https://lh3.googleusercontent.com/d/1ULSplWD866YKRSq5VDg14BEPm2R6hRMD,https://drive.google.com/uc?export=download&id=1EIxGw3okzvE9j5XUE1_pdEfLJ6cxNtmK,,{},t,2026-03-11 01:06:37.07665+00,,,,,,https://drive.google.com/drive/folders/1hC_OTnAQ03zHZ6gxGvf2pVkQPv8jP362,,0
297392a4-ddf3-4688-8d13-0814f9a96220,guide,Productivity with ADHD   Guide,Productivity with ADHD   Guide — part of the GUIDE collection.,guide,{GUIDE},https://lh3.googleusercontent.com/d/1PRiUPyldCoWU6vpQC8LCLlVh8R5u4oNN,https://drive.google.com/uc?export=download&id=1DpLYGbF-Cn7qagmP7JocfacI9IFucd2B,,{},t,2026-03-11 01:06:37.437439+00,,,,,,https://drive.google.com/drive/folders/1hC_OTnAQ03zHZ6gxGvf2pVkQPv8jP362,,0
09350858-f15c-47b5-8033-6bc635dfb17e,guide,Winning Product Research   Guide,Winning Product Research   Guide — part of the GUIDE collection.,guide,{GUIDE},https://lh3.googleusercontent.com/d/14hAEQi4aJNEvo9uxkgdNb91oRg6jVOJt,https://drive.google.com/uc?export=download&id=1YL1w3BQYVEcJGzGwr80V6tu1QUYAbF95,,{},t,2026-03-11 01:06:37.859094+00,,,,,,https://drive.google.com/drive/folders/1hC_OTnAQ03zHZ6gxGvf2pVkQPv8jP362,,0
3837231d-521a-4122-97a0-70892800e621,guide,Meta Ads Made Affordable   Guide,Meta Ads Made Affordable   Guide — part of the GUIDE collection.,guide,{GUIDE},https://lh3.googleusercontent.com/d/1ffRmJsU41eBhU9JmOn098Zo6lTpR9yVv,https://drive.google.com/uc?export=download&id=1NO144fIP7dE3sDmwU1VlXyft2K-cYNuh,,{},t,2026-03-11 01:06:38.226178+00,,,,,,https://drive.google.com/drive/folders/1hC_OTnAQ03zHZ6gxGvf2pVkQPv8jP362,,0
4565810a-7c18-41ef-ae8c-8dba51b56f7b,guide,Confidently Close Every Call   Guide,Confidently Close Every Call   Guide — part of the GUIDE collection.,guide,{GUIDE},https://lh3.googleusercontent.com/d/18YklpaF2GFZjywRNTgZl7GelGHdrhws1,https://drive.google.com/uc?export=download&id=1WEjEckBMtyd82AegWyThlgmWoBwC0Tct,,{},t,2026-03-11 01:06:38.589668+00,,,,,,https://drive.google.com/drive/folders/1hC_OTnAQ03zHZ6gxGvf2pVkQPv8jP362,,0
353401c3-6bf0-4a95-b2d4-585649cb9aa0,guide,Google Search Ads Unlocked   Guide (2),Google Search Ads Unlocked   Guide (2) — part of the GUIDE collection.,guide,{GUIDE},https://lh3.googleusercontent.com/d/1bBkRWnHD6GeSA4nr7tSgrgt289gLfNz9,https://drive.google.com/uc?export=download&id=1jQPjVj6PeQuv8DRofmM71YSstp3L3pCU,,{},t,2026-03-11 01:06:38.933898+00,,,,,,https://drive.google.com/drive/folders/1hC_OTnAQ03zHZ6gxGvf2pVkQPv8jP362,,0
ca7f9420-b1b4-44fb-a2a3-0c0b8f34f4dd,guide,Business Websites Mastery   Guide,Business Websites Mastery   Guide — part of the GUIDE collection.,guide,{GUIDE},https://lh3.googleusercontent.com/d/1y0qUVETF36EqdcFqm4N0Kqwa_YnvB3V7,https://drive.google.com/uc?export=download&id=1evwoNSmjTTQzwlscTnYD_ZCKJP7A8gKc,,{},t,2026-03-11 01:06:39.280586+00,,,,,,https://drive.google.com/drive/folders/1hC_OTnAQ03zHZ6gxGvf2pVkQPv8jP362,,0
b1599201-fa48-4a99-8243-e4eeb554d739,guide,Understanding Business Metrics   Guide,Understanding Business Metrics   Guide — part of the GUIDE collection.,guide,{GUIDE},https://lh3.googleusercontent.com/d/1GJET02SX9jSyy-87NvS96jg4hOSVFLcO,https://drive.google.com/uc?export=download&id=1FoE5a3-DHzbYcudn-lWd6BfvxsDd4tSF,,{},t,2026-03-11 01:06:39.685804+00,,,,,,https://drive.google.com/drive/folders/1hC_OTnAQ03zHZ6gxGvf2pVkQPv8jP362,,0
89b9c845-d9c6-4096-88f5-fdf559662752,guide,Reputation Revolution   Guide,Reputation Revolution   Guide — part of the GUIDE collection.,guide,{GUIDE},https://lh3.googleusercontent.com/d/1loM7FIHYbOdlzTPQpOX9aC8C5FCW54Ef,https://drive.google.com/uc?export=download&id=1YMJvmug9m7zxSAvzvmAvKOztJ-qLfoEb,,{},t,2026-03-11 01:06:40.046374+00,,,,,,https://drive.google.com/drive/folders/1hC_OTnAQ03zHZ6gxGvf2pVkQPv8jP362,,0
0d5a0d8d-be24-4270-9430-a0f77617d858,guide,Lifecycle Email Marketing   Guide,Lifecycle Email Marketing   Guide — part of the GUIDE collection.,guide,{GUIDE},https://lh3.googleusercontent.com/d/1j3zjT21-c-qaLPnoJHTgZpvgIG1HsibA,https://drive.google.com/uc?export=download&id=1lrwaXl-ATIVtHLJJX5s97Jr-2_kM_IaQ,,{},t,2026-03-11 01:06:40.442862+00,,,,,,https://drive.google.com/drive/folders/1hC_OTnAQ03zHZ6gxGvf2pVkQPv8jP362,,0
9ea31331-f28c-4d63-a561-85dc316c3834,guide,How to Build a Website   Guide,How to Build a Website   Guide — part of the GUIDE collection.,guide,{GUIDE},https://lh3.googleusercontent.com/d/1DF3faxXcbdLGu8NBIsq66-sncv6VhcW6,https://drive.google.com/uc?export=download&id=1V0GDD-dJsIW7mdz_06YXSui_4BSjVoOA,,{},t,2026-03-11 01:06:40.790575+00,,,,,,https://drive.google.com/drive/folders/1hC_OTnAQ03zHZ6gxGvf2pVkQPv8jP362,,0
3a666703-ed82-43e0-b795-6f61c90f0fd4,guide,Money Psychology in Business   Guide,Money Psychology in Business   Guide — part of the GUIDE collection.,guide,{GUIDE},https://lh3.googleusercontent.com/d/1FypDH0d-GifBhatRMqG_2UZtd5sm6Izo,https://drive.google.com/uc?export=download&id=1KHbsns2OqhxUhF83-xVFMK7qg2y3uCol,,{},t,2026-03-11 01:06:41.144755+00,,,,,,https://drive.google.com/drive/folders/1hC_OTnAQ03zHZ6gxGvf2pVkQPv8jP362,,0
fd2a9b2c-06a0-4be5-8ff0-293d67311be0,guide,Email Marketing Metrics   Guide,Email Marketing Metrics   Guide — part of the GUIDE collection.,guide,{GUIDE},https://lh3.googleusercontent.com/d/1AwftLPsENlvA2jkrrkOtYTsumq1n-iby,https://drive.google.com/uc?export=download&id=1DJS_JWZk_9efb8GJ_aS1Ym4e2oM0OCFH,,{},t,2026-03-11 01:06:41.567701+00,,,,,,https://drive.google.com/drive/folders/1hC_OTnAQ03zHZ6gxGvf2pVkQPv8jP362,,0
288061fc-fccf-4ab5-b735-9da5c900b693,guide,Google Business Profiles   Guide,Google Business Profiles   Guide — part of the GUIDE collection.,guide,{GUIDE},https://lh3.googleusercontent.com/d/11xh1P6UuRF9cJpPoK8eWxr-F5bZsCjJw,https://drive.google.com/uc?export=download&id=14JbGka0i-EB8O7TJ9yu13Fad79PQIyK-,,{},t,2026-03-11 01:06:41.954176+00,,,,,,https://drive.google.com/drive/folders/1hC_OTnAQ03zHZ6gxGvf2pVkQPv8jP362,,0
5f07a4ec-b172-4ee9-bb7c-ef192501a88f,guide,MicroSaaS Success Blueprint   Guide,MicroSaaS Success Blueprint   Guide — part of the GUIDE collection.,guide,{GUIDE},https://lh3.googleusercontent.com/d/1k8Cqe1-6JleNpOR74bMOdsg98Jf23Yja,https://drive.google.com/uc?export=download&id=1PNPacHBEqdunx2f2zTOdbTMXdRBQIB7B,,{},t,2026-03-11 01:06:42.328698+00,,,,,,https://drive.google.com/drive/folders/1hC_OTnAQ03zHZ6gxGvf2pVkQPv8jP362,,0
4ad1f2ba-d33f-4be6-9ed2-6183329754d5,guide,High Ticket Affiliate Marketing   Guide,High Ticket Affiliate Marketing   Guide — part of the GUIDE collection.,guide,{GUIDE},https://lh3.googleusercontent.com/d/1-inOw5zqorwJtPqtVXIRi0wbZoa-OqkE,https://drive.google.com/uc?export=download&id=1gHZ1gsTBpZu4Hj7o3ylzkfNqyBk1lx0L,,{},t,2026-03-11 01:06:42.688827+00,,,,,,https://drive.google.com/drive/folders/1hC_OTnAQ03zHZ6gxGvf2pVkQPv8jP362,,0
bf7ea2f7-ac03-466b-8080-eaa8a6e9436c,guide,Your Business Plan Playbook   Guide,Your Business Plan Playbook   Guide — part of the GUIDE collection.,guide,{GUIDE},https://lh3.googleusercontent.com/d/1XWyPmjxWaQYeRR1P7xGgP8l3gYFgQDro,https://drive.google.com/uc?export=download&id=1idY7dG1owDBu8kNKy-k1nvzkZHWaNET4,,{},t,2026-03-11 01:06:43.043125+00,,,,,,https://drive.google.com/drive/folders/1hC_OTnAQ03zHZ6gxGvf2pVkQPv8jP362,,0
9d2f60ab-d311-4c57-aac6-40548c5091c3,template,Low Content Products Templates,Low Content Products Templates — part of the TEMPLATES collection.,templates,{TEMPLATES},,https://drive.google.com/uc?export=download&id=1Ga3MFnhbfUJSKITLuoNHwaN9ELKgRmgP,,{},t,2026-03-11 01:06:43.926253+00,,,,,,https://drive.google.com/drive/folders/1hC_OTnAQ03zHZ6gxGvf2pVkQPv8jP362,,0
81fd78fc-4b30-4f87-8a5d-78a7b207fc6a,template,1000 Specific Emails,1000 Specific Emails — part of the TEMPLATES collection.,templates,{TEMPLATES},,https://drive.google.com/uc?export=download&id=1dh41eyfPWwFqZI_40PWNwi63D7m8j_wp,,{},t,2026-03-11 01:06:44.33025+00,,,,,,https://drive.google.com/drive/folders/1hC_OTnAQ03zHZ6gxGvf2pVkQPv8jP362,,0
4636f675-67db-497f-bd81-c5bb94df39d1,template,Templates For Using The Threads App,Templates For Using The Threads App — part of the TEMPLATES collection.,templates,{TEMPLATES},,https://drive.google.com/uc?export=download&id=1oyXxz6N1yDClYjhsEUZa8luCUn0thV1X,,{},t,2026-03-11 01:06:44.694762+00,,,,,,https://drive.google.com/drive/folders/1hC_OTnAQ03zHZ6gxGvf2pVkQPv8jP362,,0
6df5f118-a631-4b7e-8404-d5855b626b0d,template,Instagram Ad Templates and Worksheets,Instagram Ad Templates and Worksheets — part of the TEMPLATES collection.,templates,{TEMPLATES},,https://drive.google.com/uc?export=download&id=1rJ4nknGq5Qr8cm4SSzj0TAoW4wBhI4UY,,{},t,2026-03-11 01:06:45.068336+00,,,,,,https://drive.google.com/drive/folders/1hC_OTnAQ03zHZ6gxGvf2pVkQPv8jP362,,0
34dca2c6-ffc5-4f15-a456-2d2e52c06084,template,Creating Courses Without Being On Camera,Creating Courses Without Being On Camera — part of the TEMPLATES collection.,templates,{TEMPLATES},,https://drive.google.com/uc?export=download&id=1Zr93mFmginLaO7lrHElceWwu1IMS_PKI,,{},t,2026-03-11 01:06:45.466173+00,,,,,,https://drive.google.com/drive/folders/1hC_OTnAQ03zHZ6gxGvf2pVkQPv8jP362,,0
42c466fe-0bc5-47bb-ba75-7ea3a9cd0871,template,YouTube Advertising Templates,YouTube Advertising Templates — part of the TEMPLATES collection.,templates,{TEMPLATES},,https://drive.google.com/uc?export=download&id=17FbFI39F_NO1cXyYMP4qQzei_o6x9tTK,,{},t,2026-03-11 01:06:45.827627+00,,,,,,https://drive.google.com/drive/folders/1hC_OTnAQ03zHZ6gxGvf2pVkQPv8jP362,,0
d67c7eeb-df6e-448c-8b4f-2e9046711c4d,template,Email Copy Tools,Email Copy Tools — part of the TEMPLATES collection.,templates,{TEMPLATES},,https://drive.google.com/uc?export=download&id=1mDrwi0zvvZVRUOsKea5lk8Ah1XVkMpAe,,{},t,2026-03-11 01:06:46.218506+00,,,,,,https://drive.google.com/drive/folders/1hC_OTnAQ03zHZ6gxGvf2pVkQPv8jP362,,0
7d690183-95b2-4d54-93f1-5b950a594f9a,template,Social Media Copy Tools,Social Media Copy Tools — part of the TEMPLATES collection.,templates,{TEMPLATES},,https://drive.google.com/uc?export=download&id=1HBK1kNVk528Pw1L2nBa42lANL7p3K9Bp,,{},t,2026-03-11 01:06:46.580098+00,,,,,,https://drive.google.com/drive/folders/1hC_OTnAQ03zHZ6gxGvf2pVkQPv8jP362,,0
c1fc4b4d-7f22-477c-ae6b-0688ea4bf25f,template,Email Sequences Template Pack,Email Sequences Template Pack — part of the TEMPLATES collection.,templates,{TEMPLATES},,https://drive.google.com/uc?export=download&id=1RDQnrv-0HkK6hWkLg1Ixa1dxLakaXiBb,,{},t,2026-03-11 01:06:46.975971+00,,,,,,https://drive.google.com/drive/folders/1hC_OTnAQ03zHZ6gxGvf2pVkQPv8jP362,,0
a25891f3-8c34-481b-bfbf-232bd5d7fe4a,template,Facebook Page Worksheets,Facebook Page Worksheets — part of the TEMPLATES collection.,templates,{TEMPLATES},,https://drive.google.com/uc?export=download&id=1BXEMMWCeHHEmYycsjFYyQaIOKKi2pL5D,,{},t,2026-03-11 01:06:47.375854+00,,,,,,https://drive.google.com/drive/folders/1hC_OTnAQ03zHZ6gxGvf2pVkQPv8jP362,,0
a109f757-3bb2-4d70-ba2c-813dff669b54,template,Give Your Customers What They Want,Give Your Customers What They Want — part of the TEMPLATES collection.,templates,{TEMPLATES},,https://drive.google.com/uc?export=download&id=16gXSo-DKCxqMlnq5YXdp4SEUh44OXzd9,,{},t,2026-03-11 01:06:47.804597+00,,,,,,https://drive.google.com/drive/folders/1hC_OTnAQ03zHZ6gxGvf2pVkQPv8jP362,,0
b0711fcd-669f-4869-91ca-b9e7c5c94fe4,template,YouTube Ads Examples,YouTube Ads Examples — part of the TEMPLATES collection.,templates,{TEMPLATES},,https://drive.google.com/uc?export=download&id=17XJe90Y2SVDg_GF7Kj9tlFh_nloIC159,,{},t,2026-03-11 01:06:48.191948+00,,,,,,https://drive.google.com/drive/folders/1hC_OTnAQ03zHZ6gxGvf2pVkQPv8jP362,,0
05a52342-fe8d-4974-b904-1e9ad0fcfa6a,template,Powerful Email Subjects,Powerful Email Subjects — part of the TEMPLATES collection.,templates,{TEMPLATES},,https://drive.google.com/uc?export=download&id=1niKK-L5dPW95oCyHmUUvqcJxnbiEmtRu,,{},t,2026-03-11 01:06:48.294657+00,,,,,,https://drive.google.com/drive/folders/1hC_OTnAQ03zHZ6gxGvf2pVkQPv8jP362,,0
91708341-e953-4159-92e0-c9f065009785,checklist,How to Setup YouTube Campaign   Checklist,How to Setup YouTube Campaign   Checklist — part of the CHECKLISTS collection.,checklists,{CHECKLISTS},https://lh3.googleusercontent.com/d/1jR4oiRvTJ7e2BbrgzBJFQ_jBgK1wR9yE,https://drive.google.com/uc?export=download&id=1m2mtvriIUMzqJiE0wz3DCQ39Jt_0AcjW,,{},t,2026-03-11 01:06:48.970683+00,,,,,,https://drive.google.com/drive/folders/1hC_OTnAQ03zHZ6gxGvf2pVkQPv8jP362,,0
960f8083-c9db-454f-b991-3bd6a2a21c2f,checklist,Daily Anxiety Management Routine   Checklist,Daily Anxiety Management Routine   Checklist — part of the CHECKLISTS collection.,checklists,{CHECKLISTS},https://lh3.googleusercontent.com/d/1mBvFn7PdnxR8g1GFLyucgblV0O-kuP9q,https://drive.google.com/uc?export=download&id=1StvT9gvDEb1U0vaYmdeC_1WiqOK8XNUm,,{},t,2026-03-11 01:06:49.326054+00,,,,,,https://drive.google.com/drive/folders/1hC_OTnAQ03zHZ6gxGvf2pVkQPv8jP362,,0
050a07ac-0ea7-41a5-8233-f8d14eee931f,checklist,New SOP Documentation Quality Control   Checklist,New SOP Documentation Quality Control   Checklist — part of the CHECKLISTS collection.,checklists,{CHECKLISTS},https://lh3.googleusercontent.com/d/1C0xF0oDhg3Wzz6l6a_zFXzOOovwzNCiv,https://drive.google.com/uc?export=download&id=16aw5CsayiGNbP6ikdRWFLmHu-N840N4d,,{},t,2026-03-11 01:06:49.70426+00,,,,,,https://drive.google.com/drive/folders/1hC_OTnAQ03zHZ6gxGvf2pVkQPv8jP362,,0
e7148f7c-3550-49a7-b51c-7c82c8c2db90,checklist,Perfect SOP Readiness Assessment   Checklist,Perfect SOP Readiness Assessment   Checklist — part of the CHECKLISTS collection.,checklists,{CHECKLISTS},https://lh3.googleusercontent.com/d/1W4D2oJaikOHMi6ohsKhchbrQXeFEb6gr,https://drive.google.com/uc?export=download&id=1uiIEc79R8MvkG4h4aqXoCtHjjVWBYg1L,,{},t,2026-03-11 01:06:50.065335+00,,,,,,https://drive.google.com/drive/folders/1hC_OTnAQ03zHZ6gxGvf2pVkQPv8jP362,,0
acad9fbb-cd18-42f2-9d39-f411004fcade,checklist,Personal Boundary Builder   Checklist,Personal Boundary Builder   Checklist — part of the CHECKLISTS collection.,checklists,{CHECKLISTS},https://lh3.googleusercontent.com/d/1Mwq93O139mI9Yhkq5XJZZbwSDZ3bSOp1,https://drive.google.com/uc?export=download&id=1TgDA4oElCFfcketp0Pia0mvaimtElt_Q,,{},t,2026-03-11 01:06:50.453932+00,,,,,,https://drive.google.com/drive/folders/1hC_OTnAQ03zHZ6gxGvf2pVkQPv8jP362,,0
9ec52b33-e9d9-4826-8043-3aedecc10064,checklist,Preparing SOPs for Automation   Checklist,Preparing SOPs for Automation   Checklist — part of the CHECKLISTS collection.,checklists,{CHECKLISTS},https://lh3.googleusercontent.com/d/1XrnE9_KQ-nHacX665e9o75WVTLxnzz8j,https://drive.google.com/uc?export=download&id=1WvNc_2FubX3fp1ypTTGM6Gfh91s06jCF,,{},t,2026-03-11 01:06:50.813433+00,,,,,,https://drive.google.com/drive/folders/1hC_OTnAQ03zHZ6gxGvf2pVkQPv8jP362,,0
c6659306-ed1b-46f4-9b89-fa36b9a47807,checklist,Pre Interview Preparation   Checklist,Pre Interview Preparation   Checklist — part of the CHECKLISTS collection.,checklists,{CHECKLISTS},https://lh3.googleusercontent.com/d/1H66BymhUdcuuiTX2c-aj2kMIh1p_5uVB,https://drive.google.com/uc?export=download&id=17O7LyjogGLFELJNuiF4nidRHpZu06_p1,,{},t,2026-03-11 01:06:51.206064+00,,,,,,https://drive.google.com/drive/folders/1hC_OTnAQ03zHZ6gxGvf2pVkQPv8jP362,,0
9c68a4b9-c40f-419b-8a96-db79ba6e8c11,checklist,Optimize E Commerce Profit Margins   Checklist,Optimize E Commerce Profit Margins   Checklist — part of the CHECKLISTS collection.,checklists,{CHECKLISTS},https://lh3.googleusercontent.com/d/1vvw0ErCN_usla6l041T1ZidNK4TKpg98,https://drive.google.com/uc?export=download&id=1CYTpYbIEumaNNPwBn05WIQG-9wDp6izD,,{},t,2026-03-11 01:06:51.559538+00,,,,,,https://drive.google.com/drive/folders/1hC_OTnAQ03zHZ6gxGvf2pVkQPv8jP362,,0
009d338e-a7da-407c-b846-3bdc63e9a029,checklist,Confident Non Verbal Communication   Checklist,Confident Non Verbal Communication   Checklist — part of the CHECKLISTS collection.,checklists,{CHECKLISTS},https://lh3.googleusercontent.com/d/1Nq-FQzSWct4Bomi9wzoDNwIBacG1HRLs,https://drive.google.com/uc?export=download&id=13fBp1y3_3YbkgXp38afyhDix4ILVPM_4,,{},t,2026-03-11 01:06:51.940851+00,,,,,,https://drive.google.com/drive/folders/1hC_OTnAQ03zHZ6gxGvf2pVkQPv8jP362,,0
0db1f6ab-6e6a-4c4c-86e7-557b4c63216c,checklist,Automate E Commerce Operations   Checklist,Automate E Commerce Operations   Checklist — part of the CHECKLISTS collection.,checklists,{CHECKLISTS},https://lh3.googleusercontent.com/d/1jPWXUibkIVJe0oWFPen_Cjq20Ibr-8pb,https://drive.google.com/uc?export=download&id=1lnb3Nfo_5AAhxcbVlwGk0nt-ZM-LnlLR,,{},t,2026-03-11 01:06:52.296787+00,,,,,,https://drive.google.com/drive/folders/1hC_OTnAQ03zHZ6gxGvf2pVkQPv8jP362,,0
22b93276-b99b-4146-bcdd-f9cbb908b07b,checklist,Strategic Debt Elimination   Checklist,Strategic Debt Elimination   Checklist — part of the CHECKLISTS collection.,checklists,{CHECKLISTS},https://lh3.googleusercontent.com/d/1-6eNYGFRpWClg84HZIq2NtrAD5aD83YY,https://drive.google.com/uc?export=download&id=1Yuv0JO8thqRRuUowCsYqdZjFx0pZw7wX,,{},t,2026-03-11 01:06:52.650528+00,,,,,,https://drive.google.com/drive/folders/1hC_OTnAQ03zHZ6gxGvf2pVkQPv8jP362,,0
fd865fbc-1191-4961-ab6b-ec1f0bef9a71,checklist,Niche Discovery & Validation   Checklist,Niche Discovery & Validation   Checklist — part of the CHECKLISTS collection.,checklists,{CHECKLISTS},https://lh3.googleusercontent.com/d/1_U0Y-cWSABqwr-3cho0pWllAXBt89kgR,https://drive.google.com/uc?export=download&id=1XHvPJulNCI2GRUqbCYDsdwfhDOg60VmJ,,{},t,2026-03-11 01:06:52.996008+00,,,,,,https://drive.google.com/drive/folders/1hC_OTnAQ03zHZ6gxGvf2pVkQPv8jP362,,0
e9858173-c3c7-4621-aa3f-1199a5edc8e8,checklist,Investment Portfolio Building   Checklist,Investment Portfolio Building   Checklist — part of the CHECKLISTS collection.,checklists,{CHECKLISTS},https://lh3.googleusercontent.com/d/1gHs2DuivlEgjwJNOZ4qoNGjTTBKowmMu,https://drive.google.com/uc?export=download&id=1IsDMGUryo5QzQoAVNyQEvPttHC3UhnNH,,{},t,2026-03-11 01:06:53.343326+00,,,,,,https://drive.google.com/drive/folders/1hC_OTnAQ03zHZ6gxGvf2pVkQPv8jP362,,0
44248483-0039-4d2a-9325-019393a318ac,checklist,Ad Copy Irresistible Writing   Checklist,Ad Copy Irresistible Writing   Checklist — part of the CHECKLISTS collection.,checklists,{CHECKLISTS},https://lh3.googleusercontent.com/d/1DmKOoBMjGtP-yFpLLCfmi3kr02J41doQ,https://drive.google.com/uc?export=download&id=1biulDJo4n2c1naeNi8h2H3_S3rn21c1G,,{},t,2026-03-11 01:06:53.70735+00,,,,,,https://drive.google.com/drive/folders/1hC_OTnAQ03zHZ6gxGvf2pVkQPv8jP362,,0
e8779530-667d-4892-b536-b2ffdf2397a8,checklist,Perfect Ad Platform Selection   Checklist,Perfect Ad Platform Selection   Checklist — part of the CHECKLISTS collection.,checklists,{CHECKLISTS},https://lh3.googleusercontent.com/d/1968O_NW3cE3Hm0MGiAkjs2cKhGsSm_nw,https://drive.google.com/uc?export=download&id=1qW-6m_t9dvBvUWGs4dpnI-NYWyUWrCLb,,{},t,2026-03-11 01:06:54.068969+00,,,,,,https://drive.google.com/drive/folders/1hC_OTnAQ03zHZ6gxGvf2pVkQPv8jP362,,0
4432df4d-4c0b-4886-b5ea-0f92d9488836,checklist,Evening Preparation for Mindful Mornings   Checklist,Evening Preparation for Mindful Mornings   Checklist — part of the CHECKLISTS collection.,checklists,{CHECKLISTS},https://lh3.googleusercontent.com/d/1qGSFVVHKzMpMoY636wAn-ojftHjfWzyY,https://drive.google.com/uc?export=download&id=1_IDJJxR3D3cHiBAPls347eCxo7UAZPKL,,{},t,2026-03-11 01:06:54.365615+00,,,,,,https://drive.google.com/drive/folders/1hC_OTnAQ03zHZ6gxGvf2pVkQPv8jP362,,0
5d81ff52-591e-4507-91c8-34c5aba0578f,checklist,Essential Morning Mindfulness Practice   Checklist,Essential Morning Mindfulness Practice   Checklist — part of the CHECKLISTS collection.,checklists,{CHECKLISTS},https://lh3.googleusercontent.com/d/17kdkVJZ6XcpNd1Brig1_KFRdecoJLrNu,https://drive.google.com/uc?export=download&id=1ZYYE6vgWA0R8Tx5WztobNu3xXSxE8f37,,{},t,2026-03-11 01:06:54.736892+00,,,,,,https://drive.google.com/drive/folders/1hC_OTnAQ03zHZ6gxGvf2pVkQPv8jP362,,0
c27bfe3f-2a27-481a-9f30-e4074d008e69,checklist,Proactive Customer Service   Checklist,Proactive Customer Service   Checklist — part of the CHECKLISTS collection.,checklists,{CHECKLISTS},https://lh3.googleusercontent.com/d/1tCBl2DmuW6_FVIULxJY90qex_Zoo1tOF,https://drive.google.com/uc?export=download&id=1Bu4DW46HuMG84equM66UpkCS746BmCyz,,{},t,2026-03-11 01:06:55.112762+00,,,,,,https://drive.google.com/drive/folders/1hC_OTnAQ03zHZ6gxGvf2pVkQPv8jP362,,0
67efc578-d1a1-4394-9250-200e47ce02d2,checklist,Loyalty Program Launch   Checklist,Loyalty Program Launch   Checklist — part of the CHECKLISTS collection.,checklists,{CHECKLISTS},https://lh3.googleusercontent.com/d/1TbB1pOjb-vlDHgoCzIQ6m3__h4GGFYh_,https://drive.google.com/uc?export=download&id=12giVm_CN0XlL1uXoVJrdqP4LL8Edy5ct,,{},t,2026-03-11 01:06:55.49325+00,,,,,,https://drive.google.com/drive/folders/1hC_OTnAQ03zHZ6gxGvf2pVkQPv8jP362,,0
6457160d-614e-49cf-940b-36afddcde385,checklist,Collect Customer Data   Checklist,Collect Customer Data   Checklist — part of the CHECKLISTS collection.,checklists,{CHECKLISTS},https://lh3.googleusercontent.com/d/1kS6T54Zj9H-HQr5dgNiNMP61yYZr_zoT,https://drive.google.com/uc?export=download&id=1LksrNaKQkmeDMT0eutkb4odNicaA8y2F,,{},t,2026-03-11 01:06:55.871093+00,,,,,,https://drive.google.com/drive/folders/1hC_OTnAQ03zHZ6gxGvf2pVkQPv8jP362,,0
92dd227f-d091-4fb5-8e4a-677ffe69c1b8,checklist,Building Thriving Communities   Checklist,Building Thriving Communities   Checklist — part of the CHECKLISTS collection.,checklists,{CHECKLISTS},https://lh3.googleusercontent.com/d/1f_0cmR7z6XFr4X-3YqGseUs91-BWHGtN,https://drive.google.com/uc?export=download&id=1PRWKirwUCZumB9OkGSNoiEFR8S9CbgLd,,{},t,2026-03-11 01:06:56.240677+00,,,,,,https://drive.google.com/drive/folders/1hC_OTnAQ03zHZ6gxGvf2pVkQPv8jP362,,0
db62bbcf-972b-4571-b448-3fc961214db4,checklist,Resilience Building Step by Step   Checklist,Resilience Building Step by Step   Checklist — part of the CHECKLISTS collection.,checklists,{CHECKLISTS},https://lh3.googleusercontent.com/d/1mbE04CuEA7Ge8XJp_0vexQN9J2-iJ7I1,https://drive.google.com/uc?export=download&id=1Q1Dur61UKh1FfMbqeprXwWj0apb_Vxx4,,{},t,2026-03-11 01:06:56.596968+00,,,,,,https://drive.google.com/drive/folders/1hC_OTnAQ03zHZ6gxGvf2pVkQPv8jP362,,0
2cfc6fb7-0cbe-49b3-8279-d75be90cdbf5,checklist,Create Mindful Workspace   Checklist,Create Mindful Workspace   Checklist — part of the CHECKLISTS collection.,checklists,{CHECKLISTS},https://lh3.googleusercontent.com/d/1lwOgyCe1DK3PAxDNolnz20bU4r3F2i5z,https://drive.google.com/uc?export=download&id=1EzEcwpGaDM0qt4nf1g9b3YSe2xsmkiIc,,{},t,2026-03-11 01:06:56.988331+00,,,,,,https://drive.google.com/drive/folders/1hC_OTnAQ03zHZ6gxGvf2pVkQPv8jP362,,0
98d97059-4276-4ae2-8351-fe7a7e3a7b18,checklist,Critical Trust Building Elements   Checklist,Critical Trust Building Elements   Checklist — part of the CHECKLISTS collection.,checklists,{CHECKLISTS},https://lh3.googleusercontent.com/d/1XhlOTdlClkVeuCyW-UpAk4dNRt8goB6G,https://drive.google.com/uc?export=download&id=1UPvEUD_Uq2-ioXI6UiRLhmLZU2I_ooE_,,{},t,2026-03-11 01:06:57.35173+00,,,,,,https://drive.google.com/drive/folders/1hC_OTnAQ03zHZ6gxGvf2pVkQPv8jP362,,0
941f7889-fcc2-4dc5-8393-f7374e5bdf0d,checklist,Advertising Funnel Setup   Checklist,Advertising Funnel Setup   Checklist — part of the CHECKLISTS collection.,checklists,{CHECKLISTS},https://lh3.googleusercontent.com/d/1ioa3AQlxurhYWpcpxJXRNNHnVJhroQH6,https://drive.google.com/uc?export=download&id=1qMPqQnZ2rQJfKpaEWkXDMgTNXfJ5jIMV,,{},t,2026-03-11 01:06:57.74755+00,,,,,,https://drive.google.com/drive/folders/1hC_OTnAQ03zHZ6gxGvf2pVkQPv8jP362,,0
77f4e495-94bb-425f-ad82-0ac768282a87,checklist,Reputation Revolution   Checklist,Reputation Revolution   Checklist — part of the CHECKLISTS collection.,checklists,{CHECKLISTS},https://lh3.googleusercontent.com/d/17ghblqbG2ki4Nr5QSef2F7VywzSGLVv5,https://drive.google.com/uc?export=download&id=130anqNbnZ46eJlSuAqQEJ-Hsp4g7P5-a,,{},t,2026-03-11 01:06:58.082581+00,,,,,,https://drive.google.com/drive/folders/1hC_OTnAQ03zHZ6gxGvf2pVkQPv8jP362,,0
949e41b8-7423-4d07-af58-b48b0dffaa0e,checklist,MicroSaaS Success Blueprint   Checklist,MicroSaaS Success Blueprint   Checklist — part of the CHECKLISTS collection.,checklists,{CHECKLISTS},https://lh3.googleusercontent.com/d/1K8WQlL_1-eBqAE-ytmtvWxkPFsBEN4CU,https://drive.google.com/uc?export=download&id=1ZlI1I2G68CB8SZ6lsF3UiOTS4OfOpNsc,,{},t,2026-03-11 01:06:58.4213+00,,,,,,https://drive.google.com/drive/folders/1hC_OTnAQ03zHZ6gxGvf2pVkQPv8jP362,,0
eb317f62-8131-459e-877b-820c1f95b124,checklist,Email Marketing Metrics   Checklist,Email Marketing Metrics   Checklist — part of the CHECKLISTS collection.,checklists,{CHECKLISTS},https://lh3.googleusercontent.com/d/1YdRbFawdLOkXak0MNnGjrmeSpE_d3Psv,https://drive.google.com/uc?export=download&id=1wYe3HiQypd3mseLe_2Ar3JQyVnKqYIvB,,{},t,2026-03-11 01:06:58.826491+00,,,,,,https://drive.google.com/drive/folders/1hC_OTnAQ03zHZ6gxGvf2pVkQPv8jP362,,0
e8bed98a-2d45-4ecf-8dbf-db12232dbca2,checklist,Money Psychology in Business   Checklist,Money Psychology in Business   Checklist — part of the CHECKLISTS collection.,checklists,{CHECKLISTS},https://lh3.googleusercontent.com/d/1kLDsWhIh11txL86GQ62KVDf1zgNXPW-V,https://drive.google.com/uc?export=download&id=1fDw7F1_wx6uZXHnUTiOkvvp_cPU5oyIm,,{},t,2026-03-11 01:06:59.198229+00,,,,,,https://drive.google.com/drive/folders/1hC_OTnAQ03zHZ6gxGvf2pVkQPv8jP362,,0
ce818d96-5bf0-4156-96f7-57a1d810bfb6,checklist,Confidently Close Every Call   Checklist,Confidently Close Every Call   Checklist — part of the CHECKLISTS collection.,checklists,{CHECKLISTS},https://lh3.googleusercontent.com/d/1TLTfSAKZYoYaxnWiGxt4-XLRzggYFWOi,https://drive.google.com/uc?export=download&id=1EuJoLAcFJv0BMILkQ5V-haq1k4SHbyrr,,{},t,2026-03-11 01:06:59.557519+00,,,,,,https://drive.google.com/drive/folders/1hC_OTnAQ03zHZ6gxGvf2pVkQPv8jP362,,0
e70ba1c0-1084-47fe-9118-e3c5e2a6f392,checklist,How to Build a Website   Checklist,How to Build a Website   Checklist — part of the CHECKLISTS collection.,checklists,{CHECKLISTS},https://lh3.googleusercontent.com/d/1K4hwrlBvCLmjKxdrteo0wN-WuDkO635Q,https://drive.google.com/uc?export=download&id=1JEmldcoxIkEWcBJAkyuFbqwJfYg_tgFB,,{},t,2026-03-11 01:06:59.90997+00,,,,,,https://drive.google.com/drive/folders/1hC_OTnAQ03zHZ6gxGvf2pVkQPv8jP362,,0
e410b01d-2dc7-4b30-bc5c-d6c4f363752d,checklist,Productivity with ADHD   Checklist,Productivity with ADHD   Checklist — part of the CHECKLISTS collection.,checklists,{CHECKLISTS},https://lh3.googleusercontent.com/d/1ZAmAzgDCEMI-Y3MWY39XyAAExqWSbJYx,https://drive.google.com/uc?export=download&id=1WtCiDsMZ-Mc_AZAAst8I42WS7EJrjt68,,{},t,2026-03-11 01:07:00.269914+00,,,,,,https://drive.google.com/drive/folders/1hC_OTnAQ03zHZ6gxGvf2pVkQPv8jP362,,0
be98507e-139a-47a6-88dd-2cdd18911e5d,checklist,Google Business Profiles   Checklist,Google Business Profiles   Checklist — part of the CHECKLISTS collection.,checklists,{CHECKLISTS},https://lh3.googleusercontent.com/d/1UZ6TTRCvjyV7bbMYTSFjfc8DdQyp5S2E,https://drive.google.com/uc?export=download&id=15fiPQeMauI6B0jUKP2PYdHTdQpnmMgrV,,{},t,2026-03-11 01:07:00.629012+00,,,,,,https://drive.google.com/drive/folders/1hC_OTnAQ03zHZ6gxGvf2pVkQPv8jP362,,0
ac2481fb-dd47-4760-a0ef-4d3cc7527245,checklist,Lifecycle Email Marketing   Checklist,Lifecycle Email Marketing   Checklist — part of the CHECKLISTS collection.,checklists,{CHECKLISTS},https://lh3.googleusercontent.com/d/1PAQZVJDJhNFF1u7kW-736HhTBYv5JiL7,https://drive.google.com/uc?export=download&id=1ySETx1eHsXokFlGI5elNTossAB5DDOFK,,{},t,2026-03-11 01:07:00.972165+00,,,,,,https://drive.google.com/drive/folders/1hC_OTnAQ03zHZ6gxGvf2pVkQPv8jP362,,0
0a64b5b4-7d51-4703-b5e8-a3a3b35e1b30,checklist,Google Search Ads Unlocked   Checklist (3),Google Search Ads Unlocked   Checklist (3) — part of the CHECKLISTS collection.,checklists,{CHECKLISTS},https://lh3.googleusercontent.com/d/1x2GUpK_kGeK17nXqACQQExlHoKsUGn-A,https://drive.google.com/uc?export=download&id=1jJHbVYwIIB55N9WWSlyCVaxW0qWqJkr8,,{},t,2026-03-11 01:07:01.329575+00,,,,,,https://drive.google.com/drive/folders/1hC_OTnAQ03zHZ6gxGvf2pVkQPv8jP362,,0
883d798a-6139-46fe-8108-f5c6997016ba,checklist,Meta Ads Made Affordable   Checklist,Meta Ads Made Affordable   Checklist — part of the CHECKLISTS collection.,checklists,{CHECKLISTS},https://lh3.googleusercontent.com/d/1IGla3zVQM8KpbS8wk8vb0W1d73cYJnYb,https://drive.google.com/uc?export=download&id=1Vzq4ULb7dPk0UvYQcpZN9mlGAG3TqO5f,,{},t,2026-03-11 01:07:01.744191+00,,,,,,https://drive.google.com/drive/folders/1hC_OTnAQ03zHZ6gxGvf2pVkQPv8jP362,,0
b568bb88-0eb7-4d99-a794-4e125f8b0909,checklist,Understanding Business Metrics   Checklist,Understanding Business Metrics   Checklist — part of the CHECKLISTS collection.,checklists,{CHECKLISTS},https://lh3.googleusercontent.com/d/1bzeHOJrZCurn6JIwE6xxVfEdqUc5YAP4,https://drive.google.com/uc?export=download&id=14QIe-pkLlXDFprDswI2TPcbZFXi_Oaca,,{},t,2026-03-11 01:07:02.107445+00,,,,,,https://drive.google.com/drive/folders/1hC_OTnAQ03zHZ6gxGvf2pVkQPv8jP362,,0
2897f3e3-de1b-41e3-a49c-e3c58d7434a5,checklist,High Ticket Affiliate Marketing   Checklist,High Ticket Affiliate Marketing   Checklist — part of the CHECKLISTS collection.,checklists,{CHECKLISTS},https://lh3.googleusercontent.com/d/1ZvRo5vZQriGQVMJgJkfTCdFRxCgEJAiR,https://drive.google.com/uc?export=download&id=1T7y4Je6KP-YAGBEVUdTOJfwDoD6tYSVV,,{},t,2026-03-11 01:07:02.522778+00,,,,,,https://drive.google.com/drive/folders/1hC_OTnAQ03zHZ6gxGvf2pVkQPv8jP362,,0
15035a49-4ba6-41e3-b74d-3facdc97e447,checklist,Your Business Plan Playbook   Ebook,Your Business Plan Playbook   Ebook — part of the CHECKLISTS collection.,checklists,{CHECKLISTS},https://lh3.googleusercontent.com/d/1kLx3lK__2SeGS3pL2nHQAjSsFGfCbLMZ,https://drive.google.com/uc?export=download&id=1YA4xP32_Kd9rN2CH59GJrBakFp1AE2Sw,,{},t,2026-03-11 01:07:02.847942+00,,,,,,https://drive.google.com/drive/folders/1hC_OTnAQ03zHZ6gxGvf2pVkQPv8jP362,,0
6535f1b6-8e99-488a-aacc-6dc8dd645fa8,checklist,Winning Product Research   Checklist,Winning Product Research   Checklist — part of the CHECKLISTS collection.,checklists,{CHECKLISTS},https://lh3.googleusercontent.com/d/1ojofKhxTI4T_oTKuiUAxYAGN5jJ5PEU2,https://drive.google.com/uc?export=download&id=1cnk3Cung6w2dD7dLlpI8DQSrLfxbm6WI,,{},t,2026-03-11 01:07:03.206103+00,,,,,,https://drive.google.com/drive/folders/1hC_OTnAQ03zHZ6gxGvf2pVkQPv8jP362,,0
bb8ab9f5-d824-45b8-be99-e90034fa3c11,checklist,Business Websites Mastery   Checklist,Business Websites Mastery   Checklist — part of the CHECKLISTS collection.,checklists,{CHECKLISTS},https://lh3.googleusercontent.com/d/1aL4Ub2B2r0AMBwAAwu8iTdYxebgPuepE,https://drive.google.com/uc?export=download&id=1PJVo9JZANt4zUMTWwizpOJdqNnywYayi,,{},t,2026-03-11 01:07:03.547988+00,,,,,,https://drive.google.com/drive/folders/1hC_OTnAQ03zHZ6gxGvf2pVkQPv8jP362,,0
68386666-2066-4b7e-a467-8c7042a2a389,audio,Smart Digital Creation with AI,Smart Digital Creation with AI — part of the AUDIO  collection.,audio,"{""AUDIO ""}",,,,{},t,2026-03-11 01:07:04.52945+00,,,,,,https://drive.google.com/drive/folders/1hC_OTnAQ03zHZ6gxGvf2pVkQPv8jP362,,0
1184d104-09d1-460d-aced-ebaf3967fc88,audio,Mastering CapCut Tutorials,Mastering CapCut Tutorials — part of the AUDIO  collection.,audio,"{""AUDIO ""}",,,,{},t,2026-03-11 01:07:04.883953+00,,,,,,https://drive.google.com/drive/folders/1hC_OTnAQ03zHZ6gxGvf2pVkQPv8jP362,,0
c718bec2-688e-4e13-a86f-01fc0c438e5c,audio,Complete Systeme.IO Training,Complete Systeme.IO Training — part of the AUDIO  collection.,audio,"{""AUDIO ""}",,,,{},t,2026-03-11 01:07:05.286269+00,,,,,,https://drive.google.com/drive/folders/1hC_OTnAQ03zHZ6gxGvf2pVkQPv8jP362,,0
5f206d6c-e5da-46c6-9170-4b9b773da375,audio,Create Email Funnels With ConvertKit,Create Email Funnels With ConvertKit — part of the AUDIO  collection.,audio,"{""AUDIO ""}",,,,{},t,2026-03-11 01:07:05.625058+00,,,,,,https://drive.google.com/drive/folders/1hC_OTnAQ03zHZ6gxGvf2pVkQPv8jP362,,0
346d5ecf-4374-4bc1-acff-4e435be1e87d,audio,Sell Your Creations with Etsy,Sell Your Creations with Etsy — part of the AUDIO  collection.,audio,"{""AUDIO ""}",,,,{},t,2026-03-11 01:07:05.962246+00,,,,,,https://drive.google.com/drive/folders/1hC_OTnAQ03zHZ6gxGvf2pVkQPv8jP362,,0
74d0c1dd-a461-4894-b66e-653fdf660d5e,audio,Connect With Clickfunnels,Connect With Clickfunnels — part of the AUDIO  collection.,audio,"{""AUDIO ""}",,,,{},t,2026-03-11 01:07:06.316385+00,,,,,,https://drive.google.com/drive/folders/1hC_OTnAQ03zHZ6gxGvf2pVkQPv8jP362,,0
00b707be-5456-4a53-af56-41d354416f10,audio,Workshop For Using High Level,Workshop For Using High Level — part of the AUDIO  collection.,audio,"{""AUDIO ""}",,,,{},t,2026-03-11 01:07:06.73305+00,,,,,,https://drive.google.com/drive/folders/1hC_OTnAQ03zHZ6gxGvf2pVkQPv8jP362,,0
7cc43673-d040-4338-8050-1c02eb322a52,audio,Crush Excuses,Crush Excuses — part of the AUDIO  collection.,audio,"{""AUDIO ""}",,https://drive.google.com/uc?export=download&id=1MbVWNhyP5MG8kVX0mRFsjSBBk7eFGRi0,,{},t,2026-03-11 01:07:07.094508+00,,,,,,https://drive.google.com/drive/folders/1hC_OTnAQ03zHZ6gxGvf2pVkQPv8jP362,,0
e61d389e-f5d2-40b4-bcf4-f1743b712612,audio,The Ultimate Guide to ChatGPT Sora,The Ultimate Guide to ChatGPT Sora — part of the AUDIO  collection.,audio,"{""AUDIO ""}",,,,{},t,2026-03-11 01:07:07.437907+00,,,,,,https://drive.google.com/drive/folders/1hC_OTnAQ03zHZ6gxGvf2pVkQPv8jP362,,0
a3390c7c-8fec-4f59-ac38-a210d0b6daf2,audio,Focus Mastery,Focus Mastery — part of the AUDIO  collection.,audio,"{""AUDIO ""}",,https://drive.google.com/uc?export=download&id=1QAxv2KqmHCdDsrqWaOfcNmb4FN8nmNJq,,{},t,2026-03-11 01:07:07.833475+00,,,,,,https://drive.google.com/drive/folders/1hC_OTnAQ03zHZ6gxGvf2pVkQPv8jP362,,0
434b1d56-b41a-4dbe-96cf-920273af1255,audio,Chaos To Calm,Chaos To Calm — part of the AUDIO  collection.,audio,"{""AUDIO ""}",,https://drive.google.com/uc?export=download&id=1efWeWsOZhV5q_qmAtFLFnqtQSzaVvGej,,{},t,2026-03-11 01:07:08.255496+00,,,,,,https://drive.google.com/drive/folders/1hC_OTnAQ03zHZ6gxGvf2pVkQPv8jP362,,0
caccb4b7-fb42-4aad-a2b7-67e29378615d,audio,TikTok Ad Training Kit,TikTok Ad Training Kit — part of the AUDIO  collection.,audio,"{""AUDIO ""}",,https://drive.google.com/uc?export=download&id=1C3nohr792PPtffSWgy-I_RjN4_zSxrPv,,{},t,2026-03-11 01:07:08.626098+00,,,,,,https://drive.google.com/drive/folders/1hC_OTnAQ03zHZ6gxGvf2pVkQPv8jP362,,0
604f8f2e-c21f-45e7-b8b5-86538f35a0b9,audio,Proven Funnel Formula,Proven Funnel Formula — part of the AUDIO  collection.,audio,"{""AUDIO ""}",,,,{},t,2026-03-11 01:07:08.977094+00,,,,,,https://drive.google.com/drive/folders/1hC_OTnAQ03zHZ6gxGvf2pVkQPv8jP362,,0
9af268eb-f31c-4a5c-91f7-3afc822226bb,audio,Modern Podcasting,Modern Podcasting — part of the AUDIO  collection.,audio,"{""AUDIO ""}",,https://drive.google.com/uc?export=download&id=11Ph0uiJdtkoHkhNsUiL66-GwvA3J0wie,,{},t,2026-03-11 01:07:09.295009+00,,,,,,https://drive.google.com/drive/folders/1hC_OTnAQ03zHZ6gxGvf2pVkQPv8jP362,,0
326489d4-2b16-48b8-9b88-bcffac60b708,audio,The Art Of Consistency,The Art Of Consistency — part of the AUDIO  collection.,audio,"{""AUDIO ""}",,https://drive.google.com/uc?export=download&id=18x9rgwLH7dmXYeV5H1xv7_XDP9ES4GGN,,{},t,2026-03-11 01:07:09.67117+00,,,,,,https://drive.google.com/drive/folders/1hC_OTnAQ03zHZ6gxGvf2pVkQPv8jP362,,0
e417ecfc-4939-4ab5-9abd-f300f8a0d8df,audio,List Building School,List Building School — part of the AUDIO  collection.,audio,"{""AUDIO ""}",,https://drive.google.com/uc?export=download&id=1iopZCqoflykM6NS5Ml-QYpgiDj6DcL6t,,{},t,2026-03-11 01:07:10.042098+00,,,,,,https://drive.google.com/drive/folders/1hC_OTnAQ03zHZ6gxGvf2pVkQPv8jP362,,0
ae695cb8-6339-449c-a748-d582f151eced,audio,Product Launch Playbook,Product Launch Playbook — part of the AUDIO  collection.,audio,"{""AUDIO ""}",,,,{},t,2026-03-11 01:07:10.438185+00,,,,,,https://drive.google.com/drive/folders/1hC_OTnAQ03zHZ6gxGvf2pVkQPv8jP362,,0
b3a8f864-efd2-44c7-a197-b7e5e0b73380,audio,LinkedIn Marketing School 2,LinkedIn Marketing School 2 — part of the AUDIO  collection.,audio,"{""AUDIO ""}",,https://drive.google.com/uc?export=download&id=1wzshRn5BDC45bb1oJ6yUrsBDj_D12KW5,,{},t,2026-03-11 01:07:10.79017+00,,,,,,https://drive.google.com/drive/folders/1hC_OTnAQ03zHZ6gxGvf2pVkQPv8jP362,,0
7e6acdcc-1a31-4ae6-a20e-c87fee40bb55,audio,Ecommerce With WooComerce,Ecommerce With WooComerce — part of the AUDIO  collection.,audio,"{""AUDIO ""}",,,,{},t,2026-03-11 01:07:11.180215+00,,,,,,https://drive.google.com/drive/folders/1hC_OTnAQ03zHZ6gxGvf2pVkQPv8jP362,,0
dd40b220-17ba-4270-a5b1-9eac2ffdf39e,audio,Video   Faceless Video Creation Made Easy,Video   Faceless Video Creation Made Easy — part of the AUDIO  collection.,audio,"{""AUDIO ""}",,,,{},t,2026-03-11 01:07:11.585272+00,,,,,,https://drive.google.com/drive/folders/1hC_OTnAQ03zHZ6gxGvf2pVkQPv8jP362,,0
90208b16-847a-40ca-816d-17eb44d40d99,audio,Sell Your Creations with Etsy   Advanced,Sell Your Creations with Etsy   Advanced — part of the AUDIO  collection.,audio,"{""AUDIO ""}",,,,{},t,2026-03-11 01:07:11.941892+00,,,,,,https://drive.google.com/drive/folders/1hC_OTnAQ03zHZ6gxGvf2pVkQPv8jP362,,0
8f786276-2971-49ad-a245-3af2a4b7d096,audio,Level Up Your Leadership,Level Up Your Leadership — part of the AUDIO  collection.,audio,"{""AUDIO ""}",,https://drive.google.com/uc?export=download&id=1LAJ_r09scN_R9cqFkxDoLpdnsUG6XtAy,,{},t,2026-03-11 01:07:12.289399+00,,,,,,https://drive.google.com/drive/folders/1hC_OTnAQ03zHZ6gxGvf2pVkQPv8jP362,,0
52b2fb3b-d3f4-445c-94da-3af323f8f2cb,audio,CapCut DFY Masterclass,CapCut DFY Masterclass — part of the AUDIO  collection.,audio,"{""AUDIO ""}",,,,{},t,2026-03-11 01:07:12.642967+00,,,,,,https://drive.google.com/drive/folders/1hC_OTnAQ03zHZ6gxGvf2pVkQPv8jP362,,0
a5b9af06-c9e4-4bd8-9fe6-de721782f223,audio,Launch Your Online Course,Launch Your Online Course — part of the AUDIO  collection.,audio,"{""AUDIO ""}",,https://drive.google.com/uc?export=download&id=1MqWElX-QkYBbgO_tMxTpEiGzav5J3R8g,,{},t,2026-03-11 01:07:13.002269+00,,,,,,https://drive.google.com/drive/folders/1hC_OTnAQ03zHZ6gxGvf2pVkQPv8jP362,,0
389f74c0-e099-4cbc-a6a6-03dae6f621ad,audio,Audio   Internet Marketing for Busy People,Audio   Internet Marketing for Busy People — part of the AUDIO  collection.,audio,"{""AUDIO ""}",,,,{},t,2026-03-11 01:07:13.361851+00,,,,,,https://drive.google.com/drive/folders/1hC_OTnAQ03zHZ6gxGvf2pVkQPv8jP362,,0
f31a0c7c-b8e7-4c36-98d8-f9afd9394866,audio,Grow and Scale with Skool,Grow and Scale with Skool — part of the AUDIO  collection.,audio,"{""AUDIO ""}",,,,{},t,2026-03-11 01:07:13.736689+00,,,,,,https://drive.google.com/drive/folders/1hC_OTnAQ03zHZ6gxGvf2pVkQPv8jP362,,0
2ee7f8a5-1674-49d1-8192-587824e70c45,audio,6 Figure Digital Products,6 Figure Digital Products — part of the AUDIO  collection.,audio,"{""AUDIO ""}",,https://drive.google.com/uc?export=download&id=13xtVcjOnZS69vekYN8Mj8ghMnYmYuoED,,{},t,2026-03-11 01:07:14.095756+00,,,,,,https://drive.google.com/drive/folders/1hC_OTnAQ03zHZ6gxGvf2pVkQPv8jP362,,0
78490854-efdf-4c0c-82ad-3e58369e674e,audio,Transform Your Life,Transform Your Life — part of the AUDIO  collection.,audio,"{""AUDIO ""}",,https://drive.google.com/uc?export=download&id=1OfYVOcn01qLfuAUWbBt8yhv8ogWH7aSc,,{},t,2026-03-11 01:07:14.501281+00,,,,,,https://drive.google.com/drive/folders/1hC_OTnAQ03zHZ6gxGvf2pVkQPv8jP362,,0
bb8f6ff3-7b07-41a8-a2aa-27b758722faa,audio,The Paid Community Playbook,The Paid Community Playbook — part of the AUDIO  collection.,audio,"{""AUDIO ""}",,,,{},t,2026-03-11 01:07:14.846633+00,,,,,,https://drive.google.com/drive/folders/1hC_OTnAQ03zHZ6gxGvf2pVkQPv8jP362,,0
65937cc1-4b7c-4d56-85eb-b9b1f939c115,audio,Facebook Ad Mastery,Facebook Ad Mastery — part of the AUDIO  collection.,audio,"{""AUDIO ""}",,https://drive.google.com/uc?export=download&id=1kcD1SegzIei4GXkzv6c6LXzGtNyKeDGi,,{},t,2026-03-11 01:07:15.185639+00,,,,,,https://drive.google.com/drive/folders/1hC_OTnAQ03zHZ6gxGvf2pVkQPv8jP362,,0
94b7869b-a9f5-4130-a5db-5741b1e8cb45,audio,Eleven Labs Masterclass,Eleven Labs Masterclass — part of the AUDIO  collection.,audio,"{""AUDIO ""}",,,,{},t,2026-03-11 01:07:15.550683+00,,,,,,https://drive.google.com/drive/folders/1hC_OTnAQ03zHZ6gxGvf2pVkQPv8jP362,,0
4df3ef77-5f59-482b-aebb-832dee2e0bfd,audio,Udemy for Reccuring Income,Udemy for Reccuring Income — part of the AUDIO  collection.,audio,"{""AUDIO ""}",,https://drive.google.com/uc?export=download&id=1E9msRYibgFTok-NhIwkCFBlGHYkpC0gy,,{},t,2026-03-11 01:07:15.930024+00,,,,,,https://drive.google.com/drive/folders/1hC_OTnAQ03zHZ6gxGvf2pVkQPv8jP362,,0
3c8327c6-0122-437f-8659-93f7f643a581,audio,Membership Builder Masterclass,Membership Builder Masterclass — part of the AUDIO  collection.,audio,"{""AUDIO ""}",,,,{},t,2026-03-11 01:07:16.278154+00,,,,,,https://drive.google.com/drive/folders/1hC_OTnAQ03zHZ6gxGvf2pVkQPv8jP362,,0
35ffe8e6-11e4-4aa1-9693-124bbb426368,audio,Masterclass on AI,Masterclass on AI — part of the AUDIO  collection.,audio,"{""AUDIO ""}",,,,{},t,2026-03-11 01:07:16.614178+00,,,,,,https://drive.google.com/drive/folders/1hC_OTnAQ03zHZ6gxGvf2pVkQPv8jP362,,0
41e48328-fa87-4e66-ac90-ee6509b06c5e,audio,Zoom Mastery Playbook,Zoom Mastery Playbook — part of the AUDIO  collection.,audio,"{""AUDIO ""}",,,,{},t,2026-03-11 01:07:17.000017+00,,,,,,https://drive.google.com/drive/folders/1hC_OTnAQ03zHZ6gxGvf2pVkQPv8jP362,,0
684e1f33-fdeb-4c60-8e3e-8967def8ce3b,audio,Social Marketing School,Social Marketing School — part of the AUDIO  collection.,audio,"{""AUDIO ""}",,https://drive.google.com/uc?export=download&id=1g1OLUbOGDkkK9Qv3vmB8-Vs7rx3lS2Su,,{},t,2026-03-11 01:07:17.399172+00,,,,,,https://drive.google.com/drive/folders/1hC_OTnAQ03zHZ6gxGvf2pVkQPv8jP362,,0
af254803-5d75-489a-8964-c9924c27ba92,audio,Strategic Marketing Playbook   Advanced,Strategic Marketing Playbook   Advanced — part of the AUDIO  collection.,audio,"{""AUDIO ""}",,,,{},t,2026-03-11 01:07:17.793307+00,,,,,,https://drive.google.com/drive/folders/1hC_OTnAQ03zHZ6gxGvf2pVkQPv8jP362,,0
95d38cb6-0320-4eae-b66f-3c25fac91cc4,audio,Power of Online Traffic,Power of Online Traffic — part of the AUDIO  collection.,audio,"{""AUDIO ""}",,https://drive.google.com/uc?export=download&id=1wEf60ReBgvtEVhd-yU9TQUS6wrSWYMVd,,{},t,2026-03-11 01:07:18.154334+00,,,,,,https://drive.google.com/drive/folders/1hC_OTnAQ03zHZ6gxGvf2pVkQPv8jP362,,0
f57dbb10-ae89-4ac7-9bb0-5ff7c428a893,audio,Evergreen Marketing Principles,Evergreen Marketing Principles — part of the AUDIO  collection.,audio,"{""AUDIO ""}",,,,{},t,2026-03-11 01:07:18.523959+00,,,,,,https://drive.google.com/drive/folders/1hC_OTnAQ03zHZ6gxGvf2pVkQPv8jP362,,0
7c6c9f3a-b62c-435e-ae27-12b9ed3a9957,audio,Product Launch School,Product Launch School — part of the AUDIO  collection.,audio,"{""AUDIO ""}",,https://drive.google.com/uc?export=download&id=1i_EpxGkzYDfxFPNsdsm-cy_4KENKsu4g,,{},t,2026-03-11 01:07:18.946043+00,,,,,,https://drive.google.com/drive/folders/1hC_OTnAQ03zHZ6gxGvf2pVkQPv8jP362,,0
e0279a67-e3d4-43f0-8315-f2468b76c339,audio,The Authorpreneur Masterclass,The Authorpreneur Masterclass — part of the AUDIO  collection.,audio,"{""AUDIO ""}",,,,{},t,2026-03-11 01:07:19.300102+00,,,,,,https://drive.google.com/drive/folders/1hC_OTnAQ03zHZ6gxGvf2pVkQPv8jP362,,0
c77ad133-e7c4-4aab-90d1-ac7c1945b59a,audio,Email Autoresponder Mastery,Email Autoresponder Mastery — part of the AUDIO  collection.,audio,"{""AUDIO ""}",,,,{},t,2026-03-11 01:07:19.710177+00,,,,,,https://drive.google.com/drive/folders/1hC_OTnAQ03zHZ6gxGvf2pVkQPv8jP362,,0
54d048c4-a0a7-4ef3-b414-fc38e96326aa,audio,Microsoft 365,Microsoft 365 — part of the AUDIO  collection.,audio,"{""AUDIO ""}",,,,{},t,2026-03-11 01:07:20.089418+00,,,,,,https://drive.google.com/drive/folders/1hC_OTnAQ03zHZ6gxGvf2pVkQPv8jP362,,0
b67a7982-8563-4fdc-bea1-062cc29a87a2,audio,Audio   Beat Procrastination,Audio   Beat Procrastination — part of the AUDIO  collection.,audio,"{""AUDIO ""}",,,,{},t,2026-03-11 01:07:20.450969+00,,,,,,https://drive.google.com/drive/folders/1hC_OTnAQ03zHZ6gxGvf2pVkQPv8jP362,,0
19451f03-3afd-4917-bf87-733068ed2eb7,audio,Make Things Happen,Make Things Happen — part of the AUDIO  collection.,audio,"{""AUDIO ""}",,https://drive.google.com/uc?export=download&id=1IotVhLVXypwh6sD9AuBJBFgMXykr2lOc,,{},t,2026-03-11 01:07:20.858608+00,,,,,,https://drive.google.com/drive/folders/1hC_OTnAQ03zHZ6gxGvf2pVkQPv8jP362,,0
dc257c41-bd8e-4df1-9f02-db81d71999d6,audio,Connect By Using Clickfunnels,Connect By Using Clickfunnels — part of the AUDIO  collection.,audio,"{""AUDIO ""}",,,,{},t,2026-03-11 01:07:21.28728+00,,,,,,https://drive.google.com/drive/folders/1hC_OTnAQ03zHZ6gxGvf2pVkQPv8jP362,,0
4ac36564-3c20-4c8e-94f3-61e65c2166f2,audio,YouTube AI Tools MasterClass,YouTube AI Tools MasterClass — part of the AUDIO  collection.,audio,"{""AUDIO ""}",,,,{},t,2026-03-11 01:07:21.672057+00,,,,,,https://drive.google.com/drive/folders/1hC_OTnAQ03zHZ6gxGvf2pVkQPv8jP362,,0
780407dd-53f7-4355-a95f-e2cd0bf3969e,audio,Mastering Microsoft AI CoPilot,Mastering Microsoft AI CoPilot — part of the AUDIO  collection.,audio,"{""AUDIO ""}",,,,{},t,2026-03-11 01:07:22.04265+00,,,,,,https://drive.google.com/drive/folders/1hC_OTnAQ03zHZ6gxGvf2pVkQPv8jP362,,0
811d9b7c-f78a-4d62-8f67-681c4d80c809,audio,Eleven Labs Workshop,Eleven Labs Workshop — part of the AUDIO  collection.,audio,"{""AUDIO ""}",,,,{},t,2026-03-11 01:07:22.412998+00,,,,,,https://drive.google.com/drive/folders/1hC_OTnAQ03zHZ6gxGvf2pVkQPv8jP362,,0
a05489a2-55dc-47d8-9405-cd580fa28daf,audio,YouTube AI Tools Playbook,YouTube AI Tools Playbook — part of the AUDIO  collection.,audio,"{""AUDIO ""}",,,,{},t,2026-03-11 01:07:22.822555+00,,,,,,https://drive.google.com/drive/folders/1hC_OTnAQ03zHZ6gxGvf2pVkQPv8jP362,,0
84c5eed3-14d6-4c07-8367-5114d44bd0ca,audio,SEO Domination,SEO Domination — part of the AUDIO  collection.,audio,"{""AUDIO ""}",,https://drive.google.com/uc?export=download&id=1-XHEZ9B-j6ORGx6eLvgWKyNClBapJba6,,{},t,2026-03-11 01:07:23.22968+00,,,,,,https://drive.google.com/drive/folders/1hC_OTnAQ03zHZ6gxGvf2pVkQPv8jP362,,0
8ff29c8b-6931-4a61-9d30-c1d9195aa0b3,audio,The Podcast Masterclass    Spotify Edition,The Podcast Masterclass    Spotify Edition — part of the AUDIO  collection.,audio,"{""AUDIO ""}",,,,{},t,2026-03-11 01:07:23.589062+00,,,,,,https://drive.google.com/drive/folders/1hC_OTnAQ03zHZ6gxGvf2pVkQPv8jP362,,0
df1bdaf9-f8d5-4225-8fd9-e83b729036b1,audio,ChatGPT Advanced Features,ChatGPT Advanced Features — part of the AUDIO  collection.,audio,"{""AUDIO ""}",,,,{},t,2026-03-11 01:07:24.030083+00,,,,,,https://drive.google.com/drive/folders/1hC_OTnAQ03zHZ6gxGvf2pVkQPv8jP362,,0
3d855554-9138-4897-9eea-49f670086fc3,audio,Sales Funnel Playbook,Sales Funnel Playbook — part of the AUDIO  collection.,audio,"{""AUDIO ""}",,,,{},t,2026-03-11 01:07:24.406442+00,,,,,,https://drive.google.com/drive/folders/1hC_OTnAQ03zHZ6gxGvf2pVkQPv8jP362,,0
8ce34ee7-1434-4055-8380-c6b125198604,audio,"ChatGPT Pro Tools   Search, Customize, Create","ChatGPT Pro Tools   Search, Customize, Create — part of the AUDIO  collection.",audio,"{""AUDIO ""}",,,,{},t,2026-03-11 01:07:24.757016+00,,,,,,https://drive.google.com/drive/folders/1hC_OTnAQ03zHZ6gxGvf2pVkQPv8jP362,,0
2e9820d4-fe65-4295-9310-6d69b5c127ca,audio,The Art of Servant Leadership,The Art of Servant Leadership — part of the AUDIO  collection.,audio,"{""AUDIO ""}",,,,{},t,2026-03-11 01:07:25.123558+00,,,,,,https://drive.google.com/drive/folders/1hC_OTnAQ03zHZ6gxGvf2pVkQPv8jP362,,0
d159bc46-51ba-4ae4-97f5-ac939e5a8dc7,audio,Mastering ChatGPT   Course,Mastering ChatGPT   Course — part of the AUDIO  collection.,audio,"{""AUDIO ""}",,,,{},t,2026-03-11 01:07:25.517043+00,,,,,,https://drive.google.com/drive/folders/1hC_OTnAQ03zHZ6gxGvf2pVkQPv8jP362,,0
7acb12ff-cf6e-4e35-b687-8b7e1fe92ef8,audio,AI Platform Masterclass,AI Platform Masterclass — part of the AUDIO  collection.,audio,"{""AUDIO ""}",,,,{},t,2026-03-11 01:07:25.906472+00,,,,,,https://drive.google.com/drive/folders/1hC_OTnAQ03zHZ6gxGvf2pVkQPv8jP362,,0
3618b5cc-5ba7-4b1e-8101-d5b142f6f34a,tool,E Commerce Store Management   Toolstack,E Commerce Store Management   Toolstack — part of the TOOLSTACK collection.,toolstack,{TOOLSTACK},https://lh3.googleusercontent.com/d/1_9GsKyZO20OA7uPk-qk3Sk_9Kd7vPqVF,https://drive.google.com/uc?export=download&id=1sHZOzZ2H0tw91SaBojmGn93h0WgsciKs,,{},t,2026-03-11 01:07:26.839532+00,,,,,,https://drive.google.com/drive/folders/1hC_OTnAQ03zHZ6gxGvf2pVkQPv8jP362,,0
282b1e41-4c3a-4169-a849-9607eccfc404,tool,Advertising Copywriting Made Easy   Toolstack,Advertising Copywriting Made Easy   Toolstack — part of the TOOLSTACK collection.,toolstack,{TOOLSTACK},https://lh3.googleusercontent.com/d/1ayLcvkwWiLpe6q778xIAF2cToOlHoirI,https://drive.google.com/uc?export=download&id=1hZn4VGvSXw4cS-lNjMuoJVG3yWlQ063p,,{},t,2026-03-11 01:07:27.201863+00,,,,,,https://drive.google.com/drive/folders/1hC_OTnAQ03zHZ6gxGvf2pVkQPv8jP362,,0
09b1318d-2f68-4c16-8dcb-cad6fdbd94e8,tool,Funnel Growth Stack   Toolstack,Funnel Growth Stack   Toolstack — part of the TOOLSTACK collection.,toolstack,{TOOLSTACK},https://lh3.googleusercontent.com/d/1Fi6Wr9p1lPgRMLlMvjThnQy4Bp5Q4b94,https://drive.google.com/uc?export=download&id=15X-BeesDo17kykUiKoUpm5ejQ8oJxS2U,,{},t,2026-03-11 01:07:27.545474+00,,,,,,https://drive.google.com/drive/folders/1hC_OTnAQ03zHZ6gxGvf2pVkQPv8jP362,,0
d2de9c36-d358-41e0-aff7-19a9e499a44f,tool,Marketing Plan Simplified   Toolstack,Marketing Plan Simplified   Toolstack — part of the TOOLSTACK collection.,toolstack,{TOOLSTACK},https://lh3.googleusercontent.com/d/1XzPqpupfbaXniywWTploYDfAemjRFDWV,https://drive.google.com/uc?export=download&id=1kwRhju_4p9oJu-DqQM6jFYareKXiVjA6,,{},t,2026-03-11 01:07:27.907763+00,,,,,,https://drive.google.com/drive/folders/1hC_OTnAQ03zHZ6gxGvf2pVkQPv8jP362,,0
66cc7a6f-5a91-41fa-9fb8-a9608d5a714f,tool,High Ticket Affiliate Marketing   Toolstack,High Ticket Affiliate Marketing   Toolstack — part of the TOOLSTACK collection.,toolstack,{TOOLSTACK},https://lh3.googleusercontent.com/d/18esC73a2oY4WZqEIPUGD9Bb_4f8yMoIg,https://drive.google.com/uc?export=download&id=1JxkT-miRWrmTmNDtmO6JtH6HQAXbBqOr,,{},t,2026-03-11 01:07:28.268259+00,,,,,,https://drive.google.com/drive/folders/1hC_OTnAQ03zHZ6gxGvf2pVkQPv8jP362,,0
3de8c078-51a4-49b4-8acd-ca6a88299009,tool,MicroSaaS Success Blueprint   Toolstack,MicroSaaS Success Blueprint   Toolstack — part of the TOOLSTACK collection.,toolstack,{TOOLSTACK},https://lh3.googleusercontent.com/d/14_LXP80Q3LJkTib5DkGm46Itb67wI9cY,https://drive.google.com/uc?export=download&id=1GJIoG-wmWW9g-5GRAh1w83DdBkssYI05,,{},t,2026-03-11 01:07:28.668178+00,,,,,,https://drive.google.com/drive/folders/1hC_OTnAQ03zHZ6gxGvf2pVkQPv8jP362,,0
d84f4e45-3e38-4ec0-91dd-3f18d3cf9996,tool,Reputation Revolution   Toolstack,Reputation Revolution   Toolstack — part of the TOOLSTACK collection.,toolstack,{TOOLSTACK},https://lh3.googleusercontent.com/d/1F3r5yOFQiYR1J2R4e5gjDVC7OAQ5fhkl,https://drive.google.com/uc?export=download&id=1cD1Vpa_8rhKMu0PzpbvzUO883wlyh_HA,,{},t,2026-03-11 01:07:29.041125+00,,,,,,https://drive.google.com/drive/folders/1hC_OTnAQ03zHZ6gxGvf2pVkQPv8jP362,,0
0f6d0b3f-75ac-4957-9986-903403e98809,tool,Your Business Plan Playbook   Toolstack,Your Business Plan Playbook   Toolstack — part of the TOOLSTACK collection.,toolstack,{TOOLSTACK},https://lh3.googleusercontent.com/d/1QZftwtAvZSlCnLGA14wDWQ3GNJ9SW0gj,https://drive.google.com/uc?export=download&id=1-kZqjTEe8-2p4Bs3xA53hG1plcJzmjqP,,{},t,2026-03-11 01:07:29.4159+00,,,,,,https://drive.google.com/drive/folders/1hC_OTnAQ03zHZ6gxGvf2pVkQPv8jP362,,0
fc18e675-dcb1-4609-9da6-8212c775c8e0,tool,Winning Product Research   Toolstack,Winning Product Research   Toolstack — part of the TOOLSTACK collection.,toolstack,{TOOLSTACK},https://lh3.googleusercontent.com/d/1RNhjQ6bYq1dR2qBWGV7hu8m94C7BrE7q,https://drive.google.com/uc?export=download&id=1GU0lgOo8iyW2bY6ks15-fR9XQ95KFZn5,,{},t,2026-03-11 01:07:29.76106+00,,,,,,https://drive.google.com/drive/folders/1hC_OTnAQ03zHZ6gxGvf2pVkQPv8jP362,,0
53d1abdf-819b-49f8-b56a-59d67872be86,tool,Build Positive Digital Presence Toolstack,Build Positive Digital Presence Toolstack — part of the TOOLSTACK collection.,toolstack,{TOOLSTACK},https://lh3.googleusercontent.com/d/1abARy2g8cMaDiRB9vNqhkeM4hYnvwdbS,https://drive.google.com/uc?export=download&id=1cDHT9gsirD6BsBDsJc32mThfQY2qo699,,{},t,2026-03-11 01:07:30.174047+00,,,,,,https://drive.google.com/drive/folders/1hC_OTnAQ03zHZ6gxGvf2pVkQPv8jP362,,0
72bba1f8-c919-45cf-af50-33cd681a037d,tool,Email Marketing Metrics   Toolstack,Email Marketing Metrics   Toolstack — part of the TOOLSTACK collection.,toolstack,{TOOLSTACK},https://lh3.googleusercontent.com/d/1yGO1tahkygXDDb5GY0UhKNLhnmRKgkwE,https://drive.google.com/uc?export=download&id=1-sjjkmDDZg-HJiysTZyRPsRw2M65KduN,,{},t,2026-03-11 01:07:30.565498+00,,,,,,https://drive.google.com/drive/folders/1hC_OTnAQ03zHZ6gxGvf2pVkQPv8jP362,,0
12cdecb2-8567-4684-94b7-6aba333a9250,tool,Google Search Ads Unlocked   Toolstack (3),Google Search Ads Unlocked   Toolstack (3) — part of the TOOLSTACK collection.,toolstack,{TOOLSTACK},https://lh3.googleusercontent.com/d/1C1hsIMzgLB5_afFpWfDAS52hx3bWhcHu,https://drive.google.com/uc?export=download&id=1tlHqcx93_amq73Ov5yLosVlzFhQQxCTk,,{},t,2026-03-11 01:07:30.951647+00,,,,,,https://drive.google.com/drive/folders/1hC_OTnAQ03zHZ6gxGvf2pVkQPv8jP362,,0
23f0a3e9-8d63-4b13-b6ca-481b75767c16,tool,Confidently Close Every Call   Toolstack,Confidently Close Every Call   Toolstack — part of the TOOLSTACK collection.,toolstack,{TOOLSTACK},https://lh3.googleusercontent.com/d/1ws1eKqQztsb2GynR73awpirUCcxivC0p,https://drive.google.com/uc?export=download&id=1N3DHOzl1tKkrukF8lNE0lzSdktnLmEGn,,{},t,2026-03-11 01:07:31.322835+00,,,,,,https://drive.google.com/drive/folders/1hC_OTnAQ03zHZ6gxGvf2pVkQPv8jP362,,0
5450a3e8-806d-4e57-9ef1-d71ba92a62f4,tool,Cold Email Marketing   Toolstack,Cold Email Marketing   Toolstack — part of the TOOLSTACK collection.,toolstack,{TOOLSTACK},https://lh3.googleusercontent.com/d/1UwmXQa9rvPyJdm_wlek2cT0gM6YylrWo,https://drive.google.com/uc?export=download&id=12LaZkiPS45-SyGKTI6lQ8BbG5YOibq6O,,{},t,2026-03-11 01:07:31.721057+00,,,,,,https://drive.google.com/drive/folders/1hC_OTnAQ03zHZ6gxGvf2pVkQPv8jP362,,0
ca3b5b4f-7bdf-4870-b3fd-0ab0b77b3dc5,tool,How to Build a Website   Toolstack,How to Build a Website   Toolstack — part of the TOOLSTACK collection.,toolstack,{TOOLSTACK},https://lh3.googleusercontent.com/d/1u8maGcxk6XRkhZk-lN2O-nK7MBXpEWe8,https://drive.google.com/uc?export=download&id=1LSydB8ge4DA49Fzx9GVxWtwXQ0HR49y1,,{},t,2026-03-11 01:07:32.103175+00,,,,,,https://drive.google.com/drive/folders/1hC_OTnAQ03zHZ6gxGvf2pVkQPv8jP362,,0
d72d7086-88f3-47b8-adc2-378510e38771,tool,Productivity with ADHD   Toolstack,Productivity with ADHD   Toolstack — part of the TOOLSTACK collection.,toolstack,{TOOLSTACK},https://lh3.googleusercontent.com/d/1txH25f4_qQKrftjYcM20jdcrnwehGFo3,https://drive.google.com/uc?export=download&id=1Udu2-nhrC0EP6h2jFJlEzrzIgXgy9Xaj,,{},t,2026-03-11 01:07:32.547033+00,,,,,,https://drive.google.com/drive/folders/1hC_OTnAQ03zHZ6gxGvf2pVkQPv8jP362,,0
b325166b-d444-4d09-b3ab-d76404a8e9cc,tool,Lifecycle Email Marketing   Toolstack,Lifecycle Email Marketing   Toolstack — part of the TOOLSTACK collection.,toolstack,{TOOLSTACK},https://lh3.googleusercontent.com/d/1IXEDYmDIo97dCYdk6D3f7AH__HQxPhiU,https://drive.google.com/uc?export=download&id=1K7mAEvSuupITaPJ-53fVw9SNGAuk73x8,,{},t,2026-03-11 01:07:32.993122+00,,,,,,https://drive.google.com/drive/folders/1hC_OTnAQ03zHZ6gxGvf2pVkQPv8jP362,,0
bb802ae8-dc31-4309-9e08-63a3aadf8e9b,video,AI Research & Workflow Automation with Perplexity,AI Research & Workflow Automation with Perplexity — part of the VIDEO LEARNING collection.,video_learning,"{""VIDEO LEARNING""}",,,,{},t,2026-03-11 01:07:34.236699+00,,,,,,https://drive.google.com/drive/folders/1hC_OTnAQ03zHZ6gxGvf2pVkQPv8jP362,,0
ad3b913a-0f1c-4a9b-87e6-3a51449d24c2,video,Claude AI for Business & Content,Claude AI for Business & Content — part of the VIDEO LEARNING collection.,video_learning,"{""VIDEO LEARNING""}",,,,{},t,2026-03-11 01:07:34.650278+00,,,,,,https://drive.google.com/drive/folders/1hC_OTnAQ03zHZ6gxGvf2pVkQPv8jP362,,0
057ab8e0-3141-42b3-af01-3cd617056509,video,Video   Ecommerce Business,Video   Ecommerce Business — part of the VIDEO LEARNING collection.,video_learning,"{""VIDEO LEARNING""}",,,,{},t,2026-03-11 01:07:35.028852+00,,,,,,https://drive.google.com/drive/folders/1hC_OTnAQ03zHZ6gxGvf2pVkQPv8jP362,,0
1cc6da9d-15bf-4a77-aae8-eea5be0db74d,video,Video   Hiring and Outsourcing,Video   Hiring and Outsourcing — part of the VIDEO LEARNING collection.,video_learning,"{""VIDEO LEARNING""}",,,,{},t,2026-03-11 01:07:35.44551+00,,,,,,https://drive.google.com/drive/folders/1hC_OTnAQ03zHZ6gxGvf2pVkQPv8jP362,,0
1e8a0844-2425-4fbd-958a-e1879f96f000,video,Complete Systeme.IO Training,Complete Systeme.IO Training — part of the VIDEO LEARNING collection.,video_learning,"{""VIDEO LEARNING""}",,,,{},t,2026-03-11 01:07:35.843525+00,,,,,,https://drive.google.com/drive/folders/1hC_OTnAQ03zHZ6gxGvf2pVkQPv8jP362,,0
32403718-0b1f-428a-ac06-c369e37586af,video,Create Email Funnels With ConvertKit,Create Email Funnels With ConvertKit — part of the VIDEO LEARNING collection.,video_learning,"{""VIDEO LEARNING""}",,,,{},t,2026-03-11 01:07:36.236993+00,,,,,,https://drive.google.com/drive/folders/1hC_OTnAQ03zHZ6gxGvf2pVkQPv8jP362,,0
ea794c49-205c-4e73-abfc-de35c38cd0df,video,Workshop For Using High Level,Workshop For Using High Level — part of the VIDEO LEARNING collection.,video_learning,"{""VIDEO LEARNING""}",,,,{},t,2026-03-11 01:07:36.58848+00,,,,,,https://drive.google.com/drive/folders/1hC_OTnAQ03zHZ6gxGvf2pVkQPv8jP362,,0
17b7dc6a-ab1e-4530-890b-576f6802187b,video,Influencer Marketing Mastery,Influencer Marketing Mastery — part of the VIDEO LEARNING collection.,video_learning,"{""VIDEO LEARNING""}",,,,{},t,2026-03-11 01:07:36.903765+00,,,,,,https://drive.google.com/drive/folders/1hC_OTnAQ03zHZ6gxGvf2pVkQPv8jP362,,0
570dddbb-0ec5-4942-844c-1ffb172422c7,video,Sell Your Creations with Etsy,Sell Your Creations with Etsy — part of the VIDEO LEARNING collection.,video_learning,"{""VIDEO LEARNING""}",,,,{},t,2026-03-11 01:07:37.251605+00,,,,,,https://drive.google.com/drive/folders/1hC_OTnAQ03zHZ6gxGvf2pVkQPv8jP362,,0
ac6b50f3-cecb-4773-b0c1-02fad9499da5,video,Video   Marketing Automation,Video   Marketing Automation — part of the VIDEO LEARNING collection.,video_learning,"{""VIDEO LEARNING""}",,,,{},t,2026-03-11 01:07:37.575656+00,,,,,,https://drive.google.com/drive/folders/1hC_OTnAQ03zHZ6gxGvf2pVkQPv8jP362,,0
1fcea88c-1b29-4f66-a3f1-c65653c2850c,video,Video   Wordpress Advanced Mastery,Video   Wordpress Advanced Mastery — part of the VIDEO LEARNING collection.,video_learning,"{""VIDEO LEARNING""}",,,,{},t,2026-03-11 01:07:37.886857+00,,,,,,https://drive.google.com/drive/folders/1hC_OTnAQ03zHZ6gxGvf2pVkQPv8jP362,,0
2c680f49-8394-4d58-bdaf-858f6a6990e0,video,Connect With Clickfunnels,Connect With Clickfunnels — part of the VIDEO LEARNING collection.,video_learning,"{""VIDEO LEARNING""}",,,,{},t,2026-03-11 01:07:38.238436+00,,,,,,https://drive.google.com/drive/folders/1hC_OTnAQ03zHZ6gxGvf2pVkQPv8jP362,,0
ffb640d2-0859-4671-932a-c85a1e3c3e75,video,Focus Mastery,Focus Mastery — part of the VIDEO LEARNING collection.,video_learning,"{""VIDEO LEARNING""}",,https://drive.google.com/uc?export=download&id=1T7saivus7qsjGgv2-H8DrGJC2WAFATyf,,{},t,2026-03-11 01:07:38.581612+00,,,,,,https://drive.google.com/drive/folders/1hC_OTnAQ03zHZ6gxGvf2pVkQPv8jP362,,0
b6e87e02-47a0-40f9-bb8f-bd4fa5e440fa,video,The Ultimate Guide to ChatGPT Sora,The Ultimate Guide to ChatGPT Sora — part of the VIDEO LEARNING collection.,video_learning,"{""VIDEO LEARNING""}",,,,{},t,2026-03-11 01:07:38.969121+00,,,,,,https://drive.google.com/drive/folders/1hC_OTnAQ03zHZ6gxGvf2pVkQPv8jP362,,0
ad943b77-f857-4f2a-81b0-fe7826bdb883,video,Chaos To Calm,Chaos To Calm — part of the VIDEO LEARNING collection.,video_learning,"{""VIDEO LEARNING""}",,https://drive.google.com/uc?export=download&id=1gi-nh-SKydMh-LAolGyrSfye2lsFqsaR,,{},t,2026-03-11 01:07:39.308097+00,,,,,,https://drive.google.com/drive/folders/1hC_OTnAQ03zHZ6gxGvf2pVkQPv8jP362,,0
4ed5a746-8f83-4216-89a4-6928b9ca5a8d,video,Product Launch Playbook,Product Launch Playbook — part of the VIDEO LEARNING collection.,video_learning,"{""VIDEO LEARNING""}",,,,{},t,2026-03-11 01:07:39.602458+00,,,,,,https://drive.google.com/drive/folders/1hC_OTnAQ03zHZ6gxGvf2pVkQPv8jP362,,0
91ee5268-a998-4c9c-840b-c25a51a66afd,video,List Building School,List Building School — part of the VIDEO LEARNING collection.,video_learning,"{""VIDEO LEARNING""}",,https://drive.google.com/uc?export=download&id=1scK_UNVx1M5mq2l1qcxf-AEt4Vj-4O1C,,{},t,2026-03-11 01:07:39.976188+00,,,,,,https://drive.google.com/drive/folders/1hC_OTnAQ03zHZ6gxGvf2pVkQPv8jP362,,0
3beca244-b823-47d1-a382-e815ce700511,video,LinkedIn Marketing School 2,LinkedIn Marketing School 2 — part of the VIDEO LEARNING collection.,video_learning,"{""VIDEO LEARNING""}",,https://drive.google.com/uc?export=download&id=1F_J0bUpwjclEe4JXTZNgqAHwBWEHcSgn,,{},t,2026-03-11 01:07:40.329355+00,,,,,,https://drive.google.com/drive/folders/1hC_OTnAQ03zHZ6gxGvf2pVkQPv8jP362,,0
aa4578e4-3f73-42c0-a445-6172ae6f6bc2,video,TikTok Ad Training Kit,TikTok Ad Training Kit — part of the VIDEO LEARNING collection.,video_learning,"{""VIDEO LEARNING""}",,,,{},t,2026-03-11 01:07:40.689593+00,,,,,,https://drive.google.com/drive/folders/1hC_OTnAQ03zHZ6gxGvf2pVkQPv8jP362,,0
aaf63573-fd2b-49c9-985f-8e8000ba77e4,video,Smart Digital Creation with AI,Smart Digital Creation with AI — part of the VIDEO LEARNING collection.,video_learning,"{""VIDEO LEARNING""}",,,,{},t,2026-03-11 01:07:41.007231+00,,,,,,https://drive.google.com/drive/folders/1hC_OTnAQ03zHZ6gxGvf2pVkQPv8jP362,,0
a6bdc530-216d-453e-9976-a835d5bace13,video,Proven Funnel Formula,Proven Funnel Formula — part of the VIDEO LEARNING collection.,video_learning,"{""VIDEO LEARNING""}",,,,{},t,2026-03-11 01:07:41.355513+00,,,,,,https://drive.google.com/drive/folders/1hC_OTnAQ03zHZ6gxGvf2pVkQPv8jP362,,0
11e4ee0d-31dd-4ebc-a23a-27f42c95e2f1,video,Efficient Home Work,Efficient Home Work — part of the VIDEO LEARNING collection.,video_learning,"{""VIDEO LEARNING""}",,https://drive.google.com/uc?export=download&id=1CVo9XkDmtmbE76guoo2u1M80DnGYui1F,,{},t,2026-03-11 01:07:41.693584+00,,,,,,https://drive.google.com/drive/folders/1hC_OTnAQ03zHZ6gxGvf2pVkQPv8jP362,,0
c03c2723-a26d-41ce-b8a7-3f372c03542e,video,CapCut DFY Masterclass,CapCut DFY Masterclass — part of the VIDEO LEARNING collection.,video_learning,"{""VIDEO LEARNING""}",,,,{},t,2026-03-11 01:07:42.060488+00,,,,,,https://drive.google.com/drive/folders/1hC_OTnAQ03zHZ6gxGvf2pVkQPv8jP362,,0
1ccdae24-40b6-4898-8ccb-66faf0fc2064,video,Grow and Scale with Skool,Grow and Scale with Skool — part of the VIDEO LEARNING collection.,video_learning,"{""VIDEO LEARNING""}",,,,{},t,2026-03-11 01:07:42.38118+00,,,,,,https://drive.google.com/drive/folders/1hC_OTnAQ03zHZ6gxGvf2pVkQPv8jP362,,0
9853b607-633c-43fc-92ed-de604cf378af,video,Ecommerce With WooComerce,Ecommerce With WooComerce — part of the VIDEO LEARNING collection.,video_learning,"{""VIDEO LEARNING""}",,,,{},t,2026-03-11 01:07:42.68563+00,,,,,,https://drive.google.com/drive/folders/1hC_OTnAQ03zHZ6gxGvf2pVkQPv8jP362,,0
cca61603-5589-4e29-be60-763ce4b3a521,video,Level Up Your Leadership,Level Up Your Leadership — part of the VIDEO LEARNING collection.,video_learning,"{""VIDEO LEARNING""}",,https://drive.google.com/uc?export=download&id=1H-6yacLVsBAzbNhvue69PNbFgkc4gjV6,,{},t,2026-03-11 01:07:42.989968+00,,,,,,https://drive.google.com/drive/folders/1hC_OTnAQ03zHZ6gxGvf2pVkQPv8jP362,,0
735bc4df-4670-4479-bce9-207fa67b507f,video,Video   Faceless Video Creation Made Easy,Video   Faceless Video Creation Made Easy — part of the VIDEO LEARNING collection.,video_learning,"{""VIDEO LEARNING""}",,,,{},t,2026-03-11 01:07:43.359885+00,,,,,,https://drive.google.com/drive/folders/1hC_OTnAQ03zHZ6gxGvf2pVkQPv8jP362,,0
085a4c7f-c094-4f7f-baf9-5561e9990123,video,Sell Your Creations with Etsy   Advanced,Sell Your Creations with Etsy   Advanced — part of the VIDEO LEARNING collection.,video_learning,"{""VIDEO LEARNING""}",,,,{},t,2026-03-11 01:07:43.714016+00,,,,,,https://drive.google.com/drive/folders/1hC_OTnAQ03zHZ6gxGvf2pVkQPv8jP362,,0
b3f86381-ab80-4148-b11f-db6ab687907c,video,6 Figure Digital Products,6 Figure Digital Products — part of the VIDEO LEARNING collection.,video_learning,"{""VIDEO LEARNING""}",,https://drive.google.com/uc?export=download&id=1OU45SW3OlaXu_mN8uZZd0Y6S-8zycCap,,{},t,2026-03-11 01:07:44.035611+00,,,,,,https://drive.google.com/drive/folders/1hC_OTnAQ03zHZ6gxGvf2pVkQPv8jP362,,0
00b53342-a58d-47fe-8eb6-d6fa6dcb5d48,video,Amazon FBA Success,Amazon FBA Success — part of the VIDEO LEARNING collection.,video_learning,"{""VIDEO LEARNING""}",,https://drive.google.com/uc?export=download&id=18I62StAODd2ULkqwQpr9jbhFVMICskqf,,{},t,2026-03-11 01:07:44.399667+00,,,,,,https://drive.google.com/drive/folders/1hC_OTnAQ03zHZ6gxGvf2pVkQPv8jP362,,0
2bb7c379-3bd3-485d-bab2-da65cfca9253,video,Video   Blogging Success Secrets,Video   Blogging Success Secrets — part of the VIDEO LEARNING collection.,video_learning,"{""VIDEO LEARNING""}",,,,{},t,2026-03-11 01:07:44.700909+00,,,,,,https://drive.google.com/drive/folders/1hC_OTnAQ03zHZ6gxGvf2pVkQPv8jP362,,0
5accf5ea-d47a-4541-9ef0-6cea2907655e,video,Masterclass on AI,Masterclass on AI — part of the VIDEO LEARNING collection.,video_learning,"{""VIDEO LEARNING""}",,,,{},t,2026-03-11 01:07:45.064723+00,,,,,,https://drive.google.com/drive/folders/1hC_OTnAQ03zHZ6gxGvf2pVkQPv8jP362,,0
94e51236-5917-4c29-a95f-48d6181e21c9,video,Zoom Mastery Playbook,Zoom Mastery Playbook — part of the VIDEO LEARNING collection.,video_learning,"{""VIDEO LEARNING""}",,,,{},t,2026-03-11 01:07:45.420357+00,,,,,,https://drive.google.com/drive/folders/1hC_OTnAQ03zHZ6gxGvf2pVkQPv8jP362,,0
2c87610e-ff4f-4ba4-8ad1-08902a1c590f,video,Mastering CapCut Tutorials,Mastering CapCut Tutorials — part of the VIDEO LEARNING collection.,video_learning,"{""VIDEO LEARNING""}",,,,{},t,2026-03-11 01:07:45.832296+00,,,,,,https://drive.google.com/drive/folders/1hC_OTnAQ03zHZ6gxGvf2pVkQPv8jP362,,0
5c9c136c-3760-4f87-b224-3eb8deeff989,video,Udemy for Reccuring Income,Udemy for Reccuring Income — part of the VIDEO LEARNING collection.,video_learning,"{""VIDEO LEARNING""}",,,,{},t,2026-03-11 01:07:46.147288+00,,,,,,https://drive.google.com/drive/folders/1hC_OTnAQ03zHZ6gxGvf2pVkQPv8jP362,,0
2c842c6f-d113-47a2-8705-16ecd8348731,video,Video   ClipChamp Masterclass,Video   ClipChamp Masterclass — part of the VIDEO LEARNING collection.,video_learning,"{""VIDEO LEARNING""}",,,,{},t,2026-03-11 01:07:46.435559+00,,,,,,https://drive.google.com/drive/folders/1hC_OTnAQ03zHZ6gxGvf2pVkQPv8jP362,,0
13c638f7-5d64-417b-9440-2b93d7a56ed7,video,The Paid Community Playbook,The Paid Community Playbook — part of the VIDEO LEARNING collection.,video_learning,"{""VIDEO LEARNING""}",,,,{},t,2026-03-11 01:07:46.810491+00,,,,,,https://drive.google.com/drive/folders/1hC_OTnAQ03zHZ6gxGvf2pVkQPv8jP362,,0
731c412e-8b58-4fe6-85e4-d51b7a2d2c52,video,Membership Builder Masterclass,Membership Builder Masterclass — part of the VIDEO LEARNING collection.,video_learning,"{""VIDEO LEARNING""}",,,,{},t,2026-03-11 01:07:47.112103+00,,,,,,https://drive.google.com/drive/folders/1hC_OTnAQ03zHZ6gxGvf2pVkQPv8jP362,,0
48874daa-d017-4f28-a85f-384d5e556125,video,Strategic Marketing Playbook   Advanced,Strategic Marketing Playbook   Advanced — part of the VIDEO LEARNING collection.,video_learning,"{""VIDEO LEARNING""}",,,,{},t,2026-03-11 01:07:47.506507+00,,,,,,https://drive.google.com/drive/folders/1hC_OTnAQ03zHZ6gxGvf2pVkQPv8jP362,,0
81f04b8e-02e4-44ef-b490-8432de784861,video,Video   Split Testing,Video   Split Testing — part of the VIDEO LEARNING collection.,video_learning,"{""VIDEO LEARNING""}",,,,{},t,2026-03-11 01:07:47.849447+00,,,,,,https://drive.google.com/drive/folders/1hC_OTnAQ03zHZ6gxGvf2pVkQPv8jP362,,0
76d6cd55-1af5-43fc-a7ef-045c01362223,video,Social Marketing School,Social Marketing School — part of the VIDEO LEARNING collection.,video_learning,"{""VIDEO LEARNING""}",,https://drive.google.com/uc?export=download&id=1Ta9WzmCoOGtt1qZVJdwMoTzmtZDqsZr3,,{},t,2026-03-11 01:07:48.203637+00,,,,,,https://drive.google.com/drive/folders/1hC_OTnAQ03zHZ6gxGvf2pVkQPv8jP362,,0
f3bc2267-84b0-411b-89eb-1355bbf639e9,video,Email Autoresponder Mastery,Email Autoresponder Mastery — part of the VIDEO LEARNING collection.,video_learning,"{""VIDEO LEARNING""}",,,,{},t,2026-03-11 01:07:48.5328+00,,,,,,https://drive.google.com/drive/folders/1hC_OTnAQ03zHZ6gxGvf2pVkQPv8jP362,,0
0d16c593-2070-44a6-ad20-aa5f404b7227,video,Power of Online Traffic,Power of Online Traffic — part of the VIDEO LEARNING collection.,video_learning,"{""VIDEO LEARNING""}",,https://drive.google.com/uc?export=download&id=1xjBHG29Kcy2GXzgSAO7elKtBKiSVlm3i,,{},t,2026-03-11 01:07:48.856817+00,,,,,,https://drive.google.com/drive/folders/1hC_OTnAQ03zHZ6gxGvf2pVkQPv8jP362,,0
9f32763a-acf8-4c56-a275-5b05d4a7b87f,video,Evergreen Marketing Principles,Evergreen Marketing Principles — part of the VIDEO LEARNING collection.,video_learning,"{""VIDEO LEARNING""}",,,,{},t,2026-03-11 01:07:49.216167+00,,,,,,https://drive.google.com/drive/folders/1hC_OTnAQ03zHZ6gxGvf2pVkQPv8jP362,,0
7d773c2a-98f5-4616-8ea5-f417c1cbc619,video,Video   Elite SEO Mastery,Video   Elite SEO Mastery — part of the VIDEO LEARNING collection.,video_learning,"{""VIDEO LEARNING""}",,,,{},t,2026-03-11 01:07:49.563243+00,,,,,,https://drive.google.com/drive/folders/1hC_OTnAQ03zHZ6gxGvf2pVkQPv8jP362,,0
e0961e47-c6f7-4cc9-bf70-375bc0ad107d,video,Eleven Labs Masterclass,Eleven Labs Masterclass — part of the VIDEO LEARNING collection.,video_learning,"{""VIDEO LEARNING""}",,,,{},t,2026-03-11 01:07:49.922929+00,,,,,,https://drive.google.com/drive/folders/1hC_OTnAQ03zHZ6gxGvf2pVkQPv8jP362,,0
7ffc498e-9d72-4cc1-be71-b5198ca806f3,video,Microsoft 365,Microsoft 365 — part of the VIDEO LEARNING collection.,video_learning,"{""VIDEO LEARNING""}",,,,{},t,2026-03-11 01:07:50.255558+00,,,,,,https://drive.google.com/drive/folders/1hC_OTnAQ03zHZ6gxGvf2pVkQPv8jP362,,0
88348920-8df7-4095-bfd8-9bdf215b28f3,video,The Influential Leader,The Influential Leader — part of the VIDEO LEARNING collection.,video_learning,"{""VIDEO LEARNING""}",,https://drive.google.com/uc?export=download&id=1hEWq6IZOQ-CKpeqCMDD7nYaZt9tQzamF,,{},t,2026-03-11 01:07:50.664245+00,,,,,,https://drive.google.com/drive/folders/1hC_OTnAQ03zHZ6gxGvf2pVkQPv8jP362,,0
4c0d989b-df41-40c7-86fa-a8dbd0af80aa,video,Affiliate Marketing School,Affiliate Marketing School — part of the VIDEO LEARNING collection.,video_learning,"{""VIDEO LEARNING""}",,https://drive.google.com/uc?export=download&id=1gXhcHslMYXRJOXhI34ISfruGEpUzCIv0,,{},t,2026-03-11 01:07:51.048691+00,,,,,,https://drive.google.com/drive/folders/1hC_OTnAQ03zHZ6gxGvf2pVkQPv8jP362,,0
caaf6151-5a5b-4bd6-aa30-399123d58e32,video,The Authorpreneur Masterclass,The Authorpreneur Masterclass — part of the VIDEO LEARNING collection.,video_learning,"{""VIDEO LEARNING""}",,,,{},t,2026-03-11 01:07:51.37718+00,,,,,,https://drive.google.com/drive/folders/1hC_OTnAQ03zHZ6gxGvf2pVkQPv8jP362,,0
4152f581-2a58-404a-bc54-27fbd585de48,video,Mastering Microsoft AI CoPilot,Mastering Microsoft AI CoPilot — part of the VIDEO LEARNING collection.,video_learning,"{""VIDEO LEARNING""}",,,,{},t,2026-03-11 01:07:51.787881+00,,,,,,https://drive.google.com/drive/folders/1hC_OTnAQ03zHZ6gxGvf2pVkQPv8jP362,,0
fab86a63-7b3e-4c52-a00f-c87d6db26493,video,Product Launch School,Product Launch School — part of the VIDEO LEARNING collection.,video_learning,"{""VIDEO LEARNING""}",,https://drive.google.com/uc?export=download&id=1W6gS8sdJZNwt6d4muZV9VzTHndNV-QD8,,{},t,2026-03-11 01:07:52.153029+00,,,,,,https://drive.google.com/drive/folders/1hC_OTnAQ03zHZ6gxGvf2pVkQPv8jP362,,0
25a85f9d-b145-4b03-b04c-1506e558eeda,video,YouTube AI Tools MasterClass,YouTube AI Tools MasterClass — part of the VIDEO LEARNING collection.,video_learning,"{""VIDEO LEARNING""}",,,,{},t,2026-03-11 01:07:52.509828+00,,,,,,https://drive.google.com/drive/folders/1hC_OTnAQ03zHZ6gxGvf2pVkQPv8jP362,,0
68a41918-7995-436f-a700-0b4a0138609c,video,Eleven Labs Workshop,Eleven Labs Workshop — part of the VIDEO LEARNING collection.,video_learning,"{""VIDEO LEARNING""}",,,,{},t,2026-03-11 01:07:52.875169+00,,,,,,https://drive.google.com/drive/folders/1hC_OTnAQ03zHZ6gxGvf2pVkQPv8jP362,,0
44f40b39-ea62-40c7-b387-da08742b83d4,video,Connect By Using Clickfunnels,Connect By Using Clickfunnels — part of the VIDEO LEARNING collection.,video_learning,"{""VIDEO LEARNING""}",,,,{},t,2026-03-11 01:07:53.220699+00,,,,,,https://drive.google.com/drive/folders/1hC_OTnAQ03zHZ6gxGvf2pVkQPv8jP362,,0
6e652060-cae1-4050-ab7a-da8cc0af4722,video,YouTube AI Tools Playbook,YouTube AI Tools Playbook — part of the VIDEO LEARNING collection.,video_learning,"{""VIDEO LEARNING""}",,,,{},t,2026-03-11 01:07:53.598418+00,,,,,,https://drive.google.com/drive/folders/1hC_OTnAQ03zHZ6gxGvf2pVkQPv8jP362,,0
38299ebe-9e5c-4a79-afa9-0783e32822de,video,SEO Domination,SEO Domination — part of the VIDEO LEARNING collection.,video_learning,"{""VIDEO LEARNING""}",,https://drive.google.com/uc?export=download&id=1YDU6dICrvdJ8-BG4-IBhjGbAmjY1aKXz,,{},t,2026-03-11 01:07:53.950627+00,,,,,,https://drive.google.com/drive/folders/1hC_OTnAQ03zHZ6gxGvf2pVkQPv8jP362,,0
0bf261fc-befe-4053-9ada-930ce932bad4,video,ChatGPT Advanced Features,ChatGPT Advanced Features — part of the VIDEO LEARNING collection.,video_learning,"{""VIDEO LEARNING""}",,,,{},t,2026-03-11 01:07:54.309282+00,,,,,,https://drive.google.com/drive/folders/1hC_OTnAQ03zHZ6gxGvf2pVkQPv8jP362,,0
045def61-2a58-4cd3-ad78-9aad6030e872,video,The Art of Servant Leadership,The Art of Servant Leadership — part of the VIDEO LEARNING collection.,video_learning,"{""VIDEO LEARNING""}",,,,{},t,2026-03-11 01:07:54.674356+00,,,,,,https://drive.google.com/drive/folders/1hC_OTnAQ03zHZ6gxGvf2pVkQPv8jP362,,0
51125050-d5aa-4472-af45-5dfa2a4ffaa0,video,AI Platform Masterclass,AI Platform Masterclass — part of the VIDEO LEARNING collection.,video_learning,"{""VIDEO LEARNING""}",,,,{},t,2026-03-11 01:07:55.028285+00,,,,,,https://drive.google.com/drive/folders/1hC_OTnAQ03zHZ6gxGvf2pVkQPv8jP362,,0
fd001036-0395-4397-91de-126ac7628a27,video,"ChatGPT Pro Tools   Search, Customize, Create","ChatGPT Pro Tools   Search, Customize, Create — part of the VIDEO LEARNING collection.",video_learning,"{""VIDEO LEARNING""}",,,,{},t,2026-03-11 01:07:55.362815+00,,,,,,https://drive.google.com/drive/folders/1hC_OTnAQ03zHZ6gxGvf2pVkQPv8jP362,,0
8632c7e1-5568-4a22-bf24-5534188a63ae,video,The Podcast Masterclass    Spotify Edition,The Podcast Masterclass    Spotify Edition — part of the VIDEO LEARNING collection.,video_learning,"{""VIDEO LEARNING""}",,,,{},t,2026-03-11 01:07:55.755987+00,,,,,,https://drive.google.com/drive/folders/1hC_OTnAQ03zHZ6gxGvf2pVkQPv8jP362,,0
80f5dc1e-9556-463c-9c6b-a0b76ea09a47,video,Sales Funnel Playbook,Sales Funnel Playbook — part of the VIDEO LEARNING collection.,video_learning,"{""VIDEO LEARNING""}",,,,{},t,2026-03-11 01:07:56.115322+00,,,,,,https://drive.google.com/drive/folders/1hC_OTnAQ03zHZ6gxGvf2pVkQPv8jP362,,0
6c008f52-80e0-49d7-820d-8cf150b607d0,video,Video   Audacity Masterclass,Video   Audacity Masterclass — part of the VIDEO LEARNING collection.,video_learning,"{""VIDEO LEARNING""}",,,,{},t,2026-03-11 01:07:56.499784+00,,,,,,https://drive.google.com/drive/folders/1hC_OTnAQ03zHZ6gxGvf2pVkQPv8jP362,,0
b8042769-03a0-47d0-92bf-d30ace9afa01,video,Mastering ChatGPT   Course,Mastering ChatGPT   Course — part of the VIDEO LEARNING collection.,video_learning,"{""VIDEO LEARNING""}",,,,{},t,2026-03-11 01:07:56.847901+00,,,,,,https://drive.google.com/drive/folders/1hC_OTnAQ03zHZ6gxGvf2pVkQPv8jP362,,0
17641feb-6fa5-418a-b649-43b958db28b1,ebook,PDF BOOKS,PDF BOOKS — part of the EBOOKS collection.,ebooks,{EBOOKS},,,,{},t,2026-03-11 01:07:57.849711+00,,,,,,https://drive.google.com/drive/folders/1hC_OTnAQ03zHZ6gxGvf2pVkQPv8jP362,,0
e7f47a64-a74e-4121-8325-8be22a8ca643,ebook,Content Repurposing Mastery   Ebook,Content Repurposing Mastery   Ebook — part of the EBOOKS collection.,ebooks,{EBOOKS},/images/covers/content-repurposing-mastery.jpg,https://drive.google.com/uc?export=download&id=1nxIyEQqxw8D6Pl9aYcloR41wCDKPqi3M,,{},t,2026-03-11 01:07:58.217443+00,,,,,,https://drive.google.com/drive/folders/1hC_OTnAQ03zHZ6gxGvf2pVkQPv8jP362,,0
934005cb-2e92-4aab-bccf-d5bf8a6ad0e8,ebook,Phishing Exposed   Ebook,Phishing Exposed   Ebook — part of the EBOOKS collection.,ebooks,{EBOOKS},https://drive.google.com/thumbnail?id=1gWmgTzmrzGkmU5IfJPrc5thXLtxnK6BU&sz=w800,https://drive.google.com/uc?export=download&id=1sfqYeUeTuvI5du5DlclEVWueS4DwcnQ_,,{},t,2026-03-11 01:07:58.566257+00,,,,,,https://drive.google.com/drive/folders/1hC_OTnAQ03zHZ6gxGvf2pVkQPv8jP362,,0
166e5f57-efd6-4e03-89f0-4ee6a78a696e,ebook,Selling Without Fear   Ebook,Selling Without Fear   Ebook — part of the EBOOKS collection.,ebooks,{EBOOKS},https://drive.google.com/thumbnail?id=12GSVQlWVr7UghvudAV7ZKepmCLwTz2wz&sz=w800,https://drive.google.com/uc?export=download&id=1Ft0_tvph-5apOktvB6gNWLIhO0OvVyyY,,{},t,2026-03-11 01:07:58.919172+00,,,,,,https://drive.google.com/drive/folders/1hC_OTnAQ03zHZ6gxGvf2pVkQPv8jP362,,0
9b53d223-59a8-4b48-b4f7-d2747b1b4576,ebook,The AEO Formula   Ebook,The AEO Formula   Ebook — part of the EBOOKS collection.,ebooks,{EBOOKS},https://drive.google.com/thumbnail?id=1_4aolgMx15Hf3E9q3fqKa1SmQKQdQcOM&sz=w800,https://drive.google.com/uc?export=download&id=1M7zHipeaU36kE7vGTfJSVnafCiSUZhnL,,{},t,2026-03-11 01:07:59.32355+00,,,,,,https://drive.google.com/drive/folders/1hC_OTnAQ03zHZ6gxGvf2pVkQPv8jP362,,0
5f6a0d0f-881f-47a0-a412-164ee8384b76,ebook,The Science of Stress Relief   Ebook,The Science of Stress Relief   Ebook — part of the EBOOKS collection.,ebooks,{EBOOKS},https://drive.google.com/thumbnail?id=13GpW820CIGqMVoMIDNFJhlTVWz_PDhIo&sz=w800,https://drive.google.com/uc?export=download&id=1q6G4szZwZ0lZgSKBZB7M5FwYNtGw0IKo,,{},t,2026-03-11 01:07:59.684447+00,,,,,,https://drive.google.com/drive/folders/1hC_OTnAQ03zHZ6gxGvf2pVkQPv8jP362,,0
98d09b98-ada3-4d13-b68c-cec3069e212a,ebook,Work Life Balance for Ambitious Minds   Ebook,Work Life Balance for Ambitious Minds   Ebook — part of the EBOOKS collection.,ebooks,{EBOOKS},/images/covers/work-life-balance.jpg,https://drive.google.com/uc?export=download&id=1rkT7DaGxahNq7FWXvaXyq64_BSWrh2pB,,{},t,2026-03-11 01:08:00.029528+00,,,,,,https://drive.google.com/drive/folders/1hC_OTnAQ03zHZ6gxGvf2pVkQPv8jP362,,0
23aebe84-482d-4b74-853e-163019839da7,ebook,The Testing Mindset   Ebook,The Testing Mindset   Ebook — part of the EBOOKS collection.,ebooks,{EBOOKS},https://drive.google.com/thumbnail?id=1vWjmHkmEyTkM2EVGn22Y-sQgAzWNhBtc&sz=w800,https://drive.google.com/uc?export=download&id=10iCgv9l3hrIDIpL5RXxbDdKFPoIhEEDu,,{},t,2026-03-11 01:08:00.396748+00,,,,,,https://drive.google.com/drive/folders/1hC_OTnAQ03zHZ6gxGvf2pVkQPv8jP362,,0
ef9d3303-4a54-4c58-adb6-b143fb45453a,ebook,The Psychology of Selling   Ebook,The Psychology of Selling   Ebook — part of the EBOOKS collection.,ebooks,{EBOOKS},https://drive.google.com/thumbnail?id=1llR1AyoAnemowfZV1Dh-X-g7ylUR5wqi&sz=w800,https://drive.google.com/uc?export=download&id=1f9KVBnIIH-S2jQxdvIj9rDmaSaVQPZyL,,{},t,2026-03-11 01:08:00.756446+00,,,,,,https://drive.google.com/drive/folders/1hC_OTnAQ03zHZ6gxGvf2pVkQPv8jP362,,0
39b7525a-7163-4c09-a502-7ab872492f29,ebook,From Zero to Content Hero   Ebook,From Zero to Content Hero   Ebook — part of the EBOOKS collection.,ebooks,{EBOOKS},https://drive.google.com/thumbnail?id=1wsAJAfABrNJikehTmUG6OdMM1yL5fPUt&sz=w800,https://drive.google.com/uc?export=download&id=1y85yji9pUfTYs5q0-SLa-FJzqvvdkECb,,{},t,2026-03-11 01:08:01.118295+00,,,,,,https://drive.google.com/drive/folders/1hC_OTnAQ03zHZ6gxGvf2pVkQPv8jP362,,0
956b60a5-f361-4d32-a541-2ea83faffea1,ebook,Beginner’s Guide to AB Testing   Ebook,Beginner’s Guide to AB Testing   Ebook — part of the EBOOKS collection.,ebooks,{EBOOKS},https://drive.google.com/thumbnail?id=1OcbLS2tPqm1ig5noZL09Y014KO0YhfA7&sz=w800,https://drive.google.com/uc?export=download&id=1VdcE74mK0YwZnRrL22jLGfeOeHXikmsx,,{},t,2026-03-11 01:08:01.783482+00,,,,,,https://drive.google.com/drive/folders/1hC_OTnAQ03zHZ6gxGvf2pVkQPv8jP362,,0
9086361f-5d57-43e3-afe6-c6c03bd50a70,ebook,Chatbots for Small Business   Ebook,Chatbots for Small Business   Ebook — part of the EBOOKS collection.,ebooks,{EBOOKS},/images/covers/chatbots-small-business.jpg,https://drive.google.com/uc?export=download&id=1xHhseHx0HmvJ_8l8WCvAEt3GLPzaM0j8,,{},t,2026-03-11 01:08:02.152896+00,,,,,,https://drive.google.com/drive/folders/1hC_OTnAQ03zHZ6gxGvf2pVkQPv8jP362,,0
beced7ed-4dde-4a06-8ccb-504ea70ba9ad,ebook,How to Scale with YouTube Ads   Book,How to Scale with YouTube Ads   Book — part of the EBOOKS collection.,ebooks,{EBOOKS},https://drive.google.com/thumbnail?id=1fSJtj8zd2-Tl2ztUM7gMZKXlKTIRs5na&sz=w800,https://drive.google.com/uc?export=download&id=1ReFZ6NcPAC1eRqxlGXIasNWkS_c6eDw1,,{},t,2026-03-11 01:08:02.519776+00,,,,,,https://drive.google.com/drive/folders/1hC_OTnAQ03zHZ6gxGvf2pVkQPv8jP362,,0
474a117e-3ca2-430e-9be7-4a191616121f,ebook,Scale Smarter with SOPs   Ebook,Scale Smarter with SOPs   Ebook — part of the EBOOKS collection.,ebooks,{EBOOKS},https://drive.google.com/thumbnail?id=1AxNVM1oa_IGuLsLsD8fusCIHkHIaRe-P&sz=w800,https://drive.google.com/uc?export=download&id=18uQH3NmO9lEq0629atikTyuBMIzjZqkZ,,{},t,2026-03-11 01:08:02.866764+00,,,,,,https://drive.google.com/drive/folders/1hC_OTnAQ03zHZ6gxGvf2pVkQPv8jP362,,0
c2e2c83a-9154-4a67-a1e1-38d66786d744,ebook,The Calm Beyond Anxiety   Book,The Calm Beyond Anxiety   Book — part of the EBOOKS collection.,ebooks,{EBOOKS},https://drive.google.com/thumbnail?id=1jUNKkdvPJa0qLMB5DL38ekR8j5P_ma3B&sz=w800,https://drive.google.com/uc?export=download&id=1qj8zWWFwyfzRSvelOx_uo-iWe2YK0jj7,,{},t,2026-03-11 01:08:03.198926+00,,,,,,https://drive.google.com/drive/folders/1hC_OTnAQ03zHZ6gxGvf2pVkQPv8jP362,,0
4753f103-8e4a-40ca-bb69-d01e1856d90d,ebook,Interview Success Blueprint   Book,Interview Success Blueprint   Book — part of the EBOOKS collection.,ebooks,{EBOOKS},https://drive.google.com/thumbnail?id=1nZCAxccXtwgJko2moIiKIh0nWZtv4dA2&sz=w800,https://drive.google.com/uc?export=download&id=1tF_FBIx-fxjLjTWvVDbphO5z-TYEhc8P,,{},t,2026-03-11 01:08:03.546344+00,,,,,,https://drive.google.com/drive/folders/1hC_OTnAQ03zHZ6gxGvf2pVkQPv8jP362,,0
ad08f1b0-df6d-4717-a9a4-edcf05e14239,ebook,Price and Profits of Online Stores   Ebook,Price and Profits of Online Stores   Ebook — part of the EBOOKS collection.,ebooks,{EBOOKS},/images/covers/price-profits-online-stores.jpg,https://drive.google.com/uc?export=download&id=1nCy79VZP_GJnM1N1SaYTkQGR-3lpoKAi,,{},t,2026-03-11 01:08:03.883587+00,,,,,,https://drive.google.com/drive/folders/1hC_OTnAQ03zHZ6gxGvf2pVkQPv8jP362,,0
ac41b832-8b0c-4db1-8242-a66ff2c6459b,ebook,Smart Money Habits   Book,Smart Money Habits   Book — part of the EBOOKS collection.,ebooks,{EBOOKS},https://drive.google.com/thumbnail?id=1OrNidCZekJpGi4ZKbDP6ZXvfb459tI9r&sz=w800,https://drive.google.com/uc?export=download&id=1gYyVwAbhQqp99K7-gCr3pitJ6F0VtCMr,,{},t,2026-03-11 01:08:04.221268+00,,,,,,https://drive.google.com/drive/folders/1hC_OTnAQ03zHZ6gxGvf2pVkQPv8jP362,,0
26f9c562-b2cc-4d53-b996-04daa7a35cb5,ebook,How to Find Niche & Stand Out   Book,How to Find Niche & Stand Out   Book — part of the EBOOKS collection.,ebooks,{EBOOKS},https://drive.google.com/thumbnail?id=11Nxl6V38e70Bpl6NiakSgvmq3YGGwHqo&sz=w800,https://drive.google.com/uc?export=download&id=1l-fDsKcxAnUIQNiYLi2JouQZz-37YYh_,,{},t,2026-03-11 01:08:04.537929+00,,,,,,https://drive.google.com/drive/folders/1hC_OTnAQ03zHZ6gxGvf2pVkQPv8jP362,,0
86821c43-af7d-4ab7-bae2-f20dadda4b91,ebook,Click Worthy Advertising Copywriting   Book,Click Worthy Advertising Copywriting   Book — part of the EBOOKS collection.,ebooks,{EBOOKS},https://drive.google.com/thumbnail?id=14mN0CpW6SAe_6QZ565s0y96hN7Wh4vKm&sz=w800,https://drive.google.com/uc?export=download&id=1Xp8uV3Lb6GZpWACB8CZnJlviLSVqoQDB,,{},t,2026-03-11 01:08:04.934985+00,,,,,,https://drive.google.com/drive/folders/1hC_OTnAQ03zHZ6gxGvf2pVkQPv8jP362,,0
a062534d-45a4-4f10-b89c-96fac9715b72,ebook,The Perfect Platform for Advertising   Book,The Perfect Platform for Advertising   Book — part of the EBOOKS collection.,ebooks,{EBOOKS},https://drive.google.com/thumbnail?id=1oxDij0t0_9EvOOANct_oMMFduvXm0OYd&sz=w800,https://drive.google.com/uc?export=download&id=1OFrhSFnZHmmC_6tOlXxRV1Q08gI__PK7,,{},t,2026-03-11 01:08:05.314599+00,,,,,,https://drive.google.com/drive/folders/1hC_OTnAQ03zHZ6gxGvf2pVkQPv8jP362,,0
9b66219d-e0e1-47b8-b13d-1bbbd9dbd4d3,ebook,The Power of Mindful Mornings Book,,ebooks,{EBOOKS},/images/covers/mindful-mornings.jpg,https://drive.google.com/uc?export=download&id=11g0fnWUzLjdGuBz3osH_ndkMIUNMzBId,,{},t,2026-03-11 01:08:05.739648+00,,,,,,https://drive.google.com/drive/folders/1hC_OTnAQ03zHZ6gxGvf2pVkQPv8jP362,,0
646d51c1-330a-4502-b574-9c2d372d64a9,ebook,Keep Them Coming Back   Book,Keep Them Coming Back   Book — part of the EBOOKS collection.,ebooks,{EBOOKS},https://drive.google.com/thumbnail?id=17_GAnVN7bza3K6FNL6C7jMJtrJLUgoUz&sz=w800,https://drive.google.com/uc?export=download&id=1gU5EUkJB4N7P25X4MRAZ146f2HjIpT_2,,{},t,2026-03-11 01:08:06.067905+00,,,,,,https://drive.google.com/drive/folders/1hC_OTnAQ03zHZ6gxGvf2pVkQPv8jP362,,0
d5d0bdee-f49f-4410-8068-e004ded73ca3,ebook,The Ad Funnel Blueprint Strategies   Ebook,The Ad Funnel Blueprint Strategies   Ebook — part of the EBOOKS collection.,ebooks,{EBOOKS},https://drive.google.com/thumbnail?id=1-F-17Dko1dM-EPh9xwWW0DnmVdlXOK_a&sz=w800,https://drive.google.com/uc?export=download&id=1wNWyXoiAIpjWuYU_Pti3DwkAJMYRsjCC,,{},t,2026-03-11 01:08:06.469419+00,,,,,,https://drive.google.com/drive/folders/1hC_OTnAQ03zHZ6gxGvf2pVkQPv8jP362,,0
99d9d58d-1aa3-4b27-87e2-db801b834d24,ebook,Webinar Mastery,Webinar Mastery — part of the EBOOKS collection.,ebooks,{EBOOKS},,https://drive.google.com/uc?export=download&id=1u2wJ2P107h37729itTDbepySS781hCDT,,{},t,2026-03-11 01:08:06.767343+00,,,,,,https://drive.google.com/drive/folders/1hC_OTnAQ03zHZ6gxGvf2pVkQPv8jP362,,0
039f6dd7-7e6f-41c8-b03e-86c193d4140e,ebook,Power of SMS Marketing   Book,Power of SMS Marketing   Book — part of the EBOOKS collection.,ebooks,{EBOOKS},,https://drive.google.com/uc?export=download&id=1tZ6cUgZAjNuagXR0zgBLjyUv4OidOx9R,,{},t,2026-03-11 01:08:07.109985+00,,,,,,https://drive.google.com/drive/folders/1hC_OTnAQ03zHZ6gxGvf2pVkQPv8jP362,,0
09dbbb36-fddc-454e-9701-f7cf25e2e30e,ebook,Viral Customer Engagement,Viral Customer Engagement — part of the EBOOKS collection.,ebooks,{EBOOKS},,https://drive.google.com/uc?export=download&id=1Z1o05pjHGQWp7VIRGn9qzvm7v96VAtKN,,{},t,2026-03-11 01:08:07.475098+00,,,,,,https://drive.google.com/drive/folders/1hC_OTnAQ03zHZ6gxGvf2pVkQPv8jP362,,0
a459eaf9-2ea7-4805-a0e9-7372085f077e,ebook,Make Your Online Marketing Go Viral,Make Your Online Marketing Go Viral — part of the EBOOKS collection.,ebooks,{EBOOKS},,https://drive.google.com/uc?export=download&id=1ttsmq9PF8HPxwJWfAUYW0neovhhdFsAI,,{},t,2026-03-11 01:08:07.833196+00,,,,,,https://drive.google.com/drive/folders/1hC_OTnAQ03zHZ6gxGvf2pVkQPv8jP362,,0
b013f868-5ab6-4c35-b34e-f80a97fba3e0,ebook,Etsy Tips & Tricks,Etsy Tips & Tricks — part of the EBOOKS collection.,ebooks,{EBOOKS},,https://drive.google.com/uc?export=download&id=1rEeDDOPg3eIiZ0LKj7qTLZ8vkdvQFWuy,,{},t,2026-03-11 01:08:08.185571+00,,,,,,https://drive.google.com/drive/folders/1hC_OTnAQ03zHZ6gxGvf2pVkQPv8jP362,,0
2ab54164-c6f4-42bd-998e-0c28d4fbfec9,ebook,Designing a Profitable Business Model   Ebook,Designing a Profitable Business Model   Ebook — part of the EBOOKS collection.,ebooks,{EBOOKS},,https://drive.google.com/uc?export=download&id=1wl8_VWhTwACpAP9Px4iBF5furX8qmSKz,,{},t,2026-03-11 01:08:08.575689+00,,,,,,https://drive.google.com/drive/folders/1hC_OTnAQ03zHZ6gxGvf2pVkQPv8jP362,,0
626d83b0-79b6-4f91-a133-913d19811c53,ebook,Winning Product Research   Book,Winning Product Research   Book — part of the EBOOKS collection.,ebooks,{EBOOKS},https://drive.google.com/thumbnail?id=1C6vsvPqPQr8NK-Er-xT8Q5Ynss6FjAB1&sz=w800,https://drive.google.com/uc?export=download&id=183PT6aSV0Txf3ykIR0BPBBMxFodCb90R,,{},t,2026-03-11 01:08:08.939537+00,,,,,,https://drive.google.com/drive/folders/1hC_OTnAQ03zHZ6gxGvf2pVkQPv8jP362,,0
6a505d92-1903-4f0d-83e1-cda95a901ac0,ebook,Google Ads AI Expertise,Google Ads AI Expertise — part of the EBOOKS collection.,ebooks,{EBOOKS},,https://drive.google.com/uc?export=download&id=1uaZQoJf7XPSS10uxitMA5T530ZeqddKU,,{},t,2026-03-11 01:08:09.333847+00,,,,,,https://drive.google.com/drive/folders/1hC_OTnAQ03zHZ6gxGvf2pVkQPv8jP362,,0
bda19873-1120-4940-b3f2-888c577c2e06,ebook,AI Profit Masterclass,AI Profit Masterclass — part of the EBOOKS collection.,ebooks,{EBOOKS},,https://drive.google.com/uc?export=download&id=1br9Vgl25fWvG2o8KVj-s_fjU1I9Z62o-,,{},t,2026-03-11 01:08:09.6861+00,,,,,,https://drive.google.com/drive/folders/1hC_OTnAQ03zHZ6gxGvf2pVkQPv8jP362,,0
e3bf963a-9842-4800-9efe-709da6dbcd05,ebook,Validate Business Ideas   Book,Validate Business Ideas   Book — part of the EBOOKS collection.,ebooks,{EBOOKS},,https://drive.google.com/uc?export=download&id=1iggxRtqUx_tQorweGzZvTlC_a4veYE7l,,{},t,2026-03-11 01:08:10.040033+00,,,,,,https://drive.google.com/drive/folders/1hC_OTnAQ03zHZ6gxGvf2pVkQPv8jP362,,0
7c46b2b8-219b-4aa5-80f5-a00f0ce5cdb4,ebook,YouTube Business Studio,YouTube Business Studio — part of the EBOOKS collection.,ebooks,{EBOOKS},,https://drive.google.com/uc?export=download&id=1yK8H5-C2-NlYBUbQS_61oFUY2a9qrTgI,,{},t,2026-03-11 01:08:10.397668+00,,,,,,https://drive.google.com/drive/folders/1hC_OTnAQ03zHZ6gxGvf2pVkQPv8jP362,,0
c7b512f5-014f-4eda-932a-c57c6ae02420,ebook,How to Start a Freelance Business,How to Start a Freelance Business — part of the EBOOKS collection.,ebooks,{EBOOKS},,https://drive.google.com/uc?export=download&id=1jSzP1xIWsjYNrlibxgqo6G3cSDIQDk6b,,{},t,2026-03-11 01:08:10.775749+00,,,,,,https://drive.google.com/drive/folders/1hC_OTnAQ03zHZ6gxGvf2pVkQPv8jP362,,0
3d06af19-50c3-4cd1-b888-c434387d743f,ebook,AI for Productivity,AI for Productivity — part of the EBOOKS collection.,ebooks,{EBOOKS},,https://drive.google.com/uc?export=download&id=1ZeBmbSb46WyXtjFnjm_DaS_1h6vw7YEi,,{},t,2026-03-11 01:08:11.082921+00,,,,,,https://drive.google.com/drive/folders/1hC_OTnAQ03zHZ6gxGvf2pVkQPv8jP362,,0
1b835f35-5dd1-4c6b-bd15-0d34c3f7799a,ebook,The MVP Playbook   Book,The MVP Playbook   Book — part of the EBOOKS collection.,ebooks,{EBOOKS},,https://drive.google.com/uc?export=download&id=1fYIXY6EI_6ByTz_eMroGsWS9EEL04aGr,,{},t,2026-03-11 01:08:11.389197+00,,,,,,https://drive.google.com/drive/folders/1hC_OTnAQ03zHZ6gxGvf2pVkQPv8jP362,,0
524ade06-79ef-4da2-b87d-306060f187d2,ebook,Powerful Entrepreneur,Powerful Entrepreneur — part of the EBOOKS collection.,ebooks,{EBOOKS},,https://drive.google.com/uc?export=download&id=1m-4eEAP75E18OGR-4yCEx_ptjaav5Sl9,,{},t,2026-03-11 01:08:11.766785+00,,,,,,https://drive.google.com/drive/folders/1hC_OTnAQ03zHZ6gxGvf2pVkQPv8jP362,,0
74780d7f-5863-4852-9360-763a4ff1c2ed,ebook,Get It Done,Get It Done — part of the EBOOKS collection.,ebooks,{EBOOKS},,https://drive.google.com/uc?export=download&id=1M254HNhCVnnOpg-HgisT9NgI_DT1F4yW,,{},t,2026-03-11 01:08:12.097368+00,,,,,,https://drive.google.com/drive/folders/1hC_OTnAQ03zHZ6gxGvf2pVkQPv8jP362,,0
4337f418-e451-42bd-a078-a032660ac019,ebook,Become Creative Genius   Book,Become Creative Genius   Book — part of the EBOOKS collection.,ebooks,{EBOOKS},,https://drive.google.com/uc?export=download&id=1AVf11mPwjXxSzqbku5rUzl7YSU8zV6Xu,,{},t,2026-03-11 01:08:12.423475+00,,,,,,https://drive.google.com/drive/folders/1hC_OTnAQ03zHZ6gxGvf2pVkQPv8jP362,,0
b24541cf-76be-4479-9eae-9f7df23928a4,ebook,Bootstrapping Your Startup   Book,Bootstrapping Your Startup   Book — part of the EBOOKS collection.,ebooks,{EBOOKS},,https://drive.google.com/uc?export=download&id=12_5EKPkClNG61_-4Zt91GdA3Yfd-Ud3D,,{},t,2026-03-11 01:08:12.753209+00,,,,,,https://drive.google.com/drive/folders/1hC_OTnAQ03zHZ6gxGvf2pVkQPv8jP362,,0
f6a44d98-3f83-4287-a7ab-52305c0d9fee,ebook,The Creator Economy,The Creator Economy — part of the EBOOKS collection.,ebooks,{EBOOKS},,https://drive.google.com/uc?export=download&id=1RQPp9XUKR5BZlWeiBPHO36ayYmrjSAws,,{},t,2026-03-11 01:08:13.081013+00,,,,,,https://drive.google.com/drive/folders/1hC_OTnAQ03zHZ6gxGvf2pVkQPv8jP362,,0
25e9def2-1095-40aa-8de6-82c018ce83e5,ebook,Time Management,Time Management — part of the EBOOKS collection.,ebooks,{EBOOKS},,https://drive.google.com/uc?export=download&id=18C-BwIMrjRgngbarZqfRuHOKQKH5ml83,,{},t,2026-03-11 01:08:13.450818+00,,,,,,https://drive.google.com/drive/folders/1hC_OTnAQ03zHZ6gxGvf2pVkQPv8jP362,,0
a8392d05-5409-4ced-92d8-601ce78a728e,ebook,Online Business Freedom,Online Business Freedom — part of the EBOOKS collection.,ebooks,{EBOOKS},,https://drive.google.com/uc?export=download&id=1rDaF29AeCCMKUPHwAvuFGfvCnWdQlJa6,,{},t,2026-03-11 01:08:13.80667+00,,,,,,https://drive.google.com/drive/folders/1hC_OTnAQ03zHZ6gxGvf2pVkQPv8jP362,,0
036a973f-f5d7-4fba-a5d6-3deec7c9b177,ebook,Social Media Marketing Influence,Social Media Marketing Influence — part of the EBOOKS collection.,ebooks,{EBOOKS},,https://drive.google.com/uc?export=download&id=1gkHMp69CdnGM4whLnaTK5FopZXzUah7o,,{},t,2026-03-11 01:08:14.143617+00,,,,,,https://drive.google.com/drive/folders/1hC_OTnAQ03zHZ6gxGvf2pVkQPv8jP362,,0
5290ff4c-f042-42c4-b36b-0b88ca938e19,ebook,Outsource Digital Product Creation,Outsource Digital Product Creation — part of the EBOOKS collection.,ebooks,{EBOOKS},,https://drive.google.com/uc?export=download&id=1sQDXDM-vEfM3GGUpmoHRYGqA7urAqwHk,,{},t,2026-03-11 01:08:14.477907+00,,,,,,https://drive.google.com/drive/folders/1hC_OTnAQ03zHZ6gxGvf2pVkQPv8jP362,,0
e2f3b259-e09d-4ce3-9405-476a00ebff0e,ebook,Digital Customer Service Excellence   Book,Digital Customer Service Excellence   Book — part of the EBOOKS collection.,ebooks,{EBOOKS},,https://drive.google.com/uc?export=download&id=11Vj0-mnTWWOTo1sfPad3ND7GWJ2v5qJ-,,{},t,2026-03-11 01:08:14.829239+00,,,,,,https://drive.google.com/drive/folders/1hC_OTnAQ03zHZ6gxGvf2pVkQPv8jP362,,0
9529df05-b7e9-48fe-b68a-9acc8afc15e6,ebook,Focus Mastery,Focus Mastery — part of the EBOOKS collection.,ebooks,{EBOOKS},,https://drive.google.com/uc?export=download&id=1muaEfO3ThdkcaSZoR4XLZ2LOjXszScUu,,{},t,2026-03-11 01:08:15.113844+00,,,,,,https://drive.google.com/drive/folders/1hC_OTnAQ03zHZ6gxGvf2pVkQPv8jP362,,0
b44bb10e-a859-4df2-a218-f33418d2a608,ebook,Social Media Finetuning,Social Media Finetuning — part of the EBOOKS collection.,ebooks,{EBOOKS},,https://drive.google.com/uc?export=download&id=1KIVrtuNjsoa1GyEgjb4HhsGJrgRl_qkw,,{},t,2026-03-11 01:08:15.443934+00,,,,,,https://drive.google.com/drive/folders/1hC_OTnAQ03zHZ6gxGvf2pVkQPv8jP362,,0
bcdf7471-a484-4524-b044-8c1a1cfb8931,ebook,Achieve Your Goals   Book,Achieve Your Goals   Book — part of the EBOOKS collection.,ebooks,{EBOOKS},,https://drive.google.com/uc?export=download&id=1v2LhMU64vmwhSvZldpS4eUMrqENWhJJ1,,{},t,2026-03-11 01:08:15.816032+00,,,,,,https://drive.google.com/drive/folders/1hC_OTnAQ03zHZ6gxGvf2pVkQPv8jP362,,0
99d8005a-3015-4170-9429-85428440bce5,ebook,Modern Podcasting,Modern Podcasting — part of the EBOOKS collection.,ebooks,{EBOOKS},,https://drive.google.com/uc?export=download&id=11RJ5K-xauj-KF-Yta88gsQuMYR1Z_90g,,{},t,2026-03-11 01:08:16.150237+00,,,,,,https://drive.google.com/drive/folders/1hC_OTnAQ03zHZ6gxGvf2pVkQPv8jP362,,0
644b0980-1456-4d82-a90b-fb8c4f5549a5,ebook,Automation in Small Businesses   Book,Automation in Small Businesses   Book — part of the EBOOKS collection.,ebooks,{EBOOKS},,https://drive.google.com/uc?export=download&id=1CknA0AVtMImlBmusO-qx3zBqhl8PvrU_,,{},t,2026-03-11 01:08:16.543825+00,,,,,,https://drive.google.com/drive/folders/1hC_OTnAQ03zHZ6gxGvf2pVkQPv8jP362,,0
e6a97142-e796-485f-b9c1-3796f709578e,ebook,Influencer Marketing Mastery,Influencer Marketing Mastery — part of the EBOOKS collection.,ebooks,{EBOOKS},,https://drive.google.com/uc?export=download&id=15mILzS8SC8EAueZ6Crd7kF95dzJvW-hc,,{},t,2026-03-11 01:08:16.918462+00,,,,,,https://drive.google.com/drive/folders/1hC_OTnAQ03zHZ6gxGvf2pVkQPv8jP362,,0
78a357a5-6a2e-4942-a972-57ef5edc98ec,ebook,Launch It,Launch It — part of the EBOOKS collection.,ebooks,{EBOOKS},,https://drive.google.com/uc?export=download&id=1YPXFSeWYv-aGQJWNqowOmd_P65LDq_70,,{},t,2026-03-11 01:08:17.297552+00,,,,,,https://drive.google.com/drive/folders/1hC_OTnAQ03zHZ6gxGvf2pVkQPv8jP362,,0
d9836dfd-c775-438a-98ab-0862e55c7371,ebook,The Savvy Entrepreneur,The Savvy Entrepreneur — part of the EBOOKS collection.,ebooks,{EBOOKS},,https://drive.google.com/uc?export=download&id=1PPvqR1tYkJt_mWIbQ_2R2kgAziTX-N9x,,{},t,2026-03-11 01:08:17.668844+00,,,,,,https://drive.google.com/drive/folders/1hC_OTnAQ03zHZ6gxGvf2pVkQPv8jP362,,0
7b795ddb-2297-4020-a6ea-0471e8b49022,ebook,Business Websites Mastery   Ebook,Business Websites Mastery   Ebook — part of the EBOOKS collection.,ebooks,{EBOOKS},https://drive.google.com/thumbnail?id=1CkGmpdKSxxhV4UlD5YAvG2kr_4qAhnHy&sz=w800,https://drive.google.com/uc?export=download&id=1LuEccvtZggCuLYqnckNjaelC11Rftzgf,,{},t,2026-03-11 01:08:18.044094+00,,,,,,https://drive.google.com/drive/folders/1hC_OTnAQ03zHZ6gxGvf2pVkQPv8jP362,,0
92817f78-7d81-43b3-89a0-2576c8ca2055,ebook,TikTok Ad Training Kit,TikTok Ad Training Kit — part of the EBOOKS collection.,ebooks,{EBOOKS},,https://drive.google.com/uc?export=download&id=1dCVP4SCA4cKv8IBCJGe8WMkwWIMyfosS,,{},t,2026-03-11 01:08:18.385826+00,,,,,,https://drive.google.com/drive/folders/1hC_OTnAQ03zHZ6gxGvf2pVkQPv8jP362,,0
999c7009-23c3-467a-92b2-248090e3d50a,ebook,Copywriting Knowledge,Copywriting Knowledge — part of the EBOOKS collection.,ebooks,{EBOOKS},,https://drive.google.com/uc?export=download&id=1iHQ-HUVOEbN6bt43p1jGYHW6Ltk1Lvdh,,{},t,2026-03-11 01:08:18.744014+00,,,,,,https://drive.google.com/drive/folders/1hC_OTnAQ03zHZ6gxGvf2pVkQPv8jP362,,0
f3bd4f34-22a8-4b11-b920-9fe2342c2dcb,ebook,Blockchain Power,Blockchain Power — part of the EBOOKS collection.,ebooks,{EBOOKS},,https://drive.google.com/uc?export=download&id=1gKbYfm2XxUck0EKZYifEL0Ffl0JbUS79,,{},t,2026-03-11 01:08:19.097561+00,,,,,,https://drive.google.com/drive/folders/1hC_OTnAQ03zHZ6gxGvf2pVkQPv8jP362,,0
319755e7-82be-4867-a949-54c078e16484,ebook,Podcasting Secrets,Podcasting Secrets — part of the EBOOKS collection.,ebooks,{EBOOKS},,https://drive.google.com/uc?export=download&id=14iREGYJROIHFPqgJePbXJTc-WUIS3_nM,,{},t,2026-03-11 01:08:19.48496+00,,,,,,https://drive.google.com/drive/folders/1hC_OTnAQ03zHZ6gxGvf2pVkQPv8jP362,,0
ad31c939-9cb9-4445-b519-3dc7ed2b3eda,ebook,MicroSaaS Success Blueprint   Book,MicroSaaS Success Blueprint   Book — part of the EBOOKS collection.,ebooks,{EBOOKS},https://drive.google.com/thumbnail?id=1VSY97iVQXNlUXEIwKpjL1PDqFUmv3sax&sz=w800,https://drive.google.com/uc?export=download&id=1l4puxzcOPXC2gyLsdAmsh29qbNrD1QoR,,{},t,2026-03-11 01:08:19.98228+00,,,,,,https://drive.google.com/drive/folders/1hC_OTnAQ03zHZ6gxGvf2pVkQPv8jP362,,0
f4a33449-4ec2-430b-9e1b-60d502ddf732,ebook,Forex and Trading Expert,Forex and Trading Expert — part of the EBOOKS collection.,ebooks,{EBOOKS},,https://drive.google.com/uc?export=download&id=1Sml9KqFpCFU-7JjRqKs2f4eYen3Gbihd,,{},t,2026-03-11 01:08:20.347982+00,,,,,,https://drive.google.com/drive/folders/1hC_OTnAQ03zHZ6gxGvf2pVkQPv8jP362,,0
e491490e-03bb-45d9-a52d-df8feef86154,ebook,Building a Powerful Brand   Book,Building a Powerful Brand   Book — part of the EBOOKS collection.,ebooks,{EBOOKS},,https://drive.google.com/uc?export=download&id=18yw72elHlzDdwmM8kdKef1jxrwnIQ_12,,{},t,2026-03-11 01:08:20.719507+00,,,,,,https://drive.google.com/drive/folders/1hC_OTnAQ03zHZ6gxGvf2pVkQPv8jP362,,0
b1bb4c9b-6a73-4a8c-93dc-977eba70b9cf,ebook,Article Marketing Ascendancy,Article Marketing Ascendancy — part of the EBOOKS collection.,ebooks,{EBOOKS},,https://drive.google.com/uc?export=download&id=1gyzHdF99OiDjCxTempsYvP7mOpeHwJ-X,,{},t,2026-03-11 01:08:21.046483+00,,,,,,https://drive.google.com/drive/folders/1hC_OTnAQ03zHZ6gxGvf2pVkQPv8jP362,,0
ce77ac0c-0b7a-4baf-a94d-1cad1dba9198,ebook,Extra Income Strategies,Extra Income Strategies — part of the EBOOKS collection.,ebooks,{EBOOKS},,https://drive.google.com/uc?export=download&id=1L5xU2SvXiSpD6Ymsp1RqrYPRa5kTROBl,,{},t,2026-03-11 01:08:21.450512+00,,,,,,https://drive.google.com/drive/folders/1hC_OTnAQ03zHZ6gxGvf2pVkQPv8jP362,,0
092b3b8a-e098-45f7-9c79-774f09c48df6,ebook,List Building School,List Building School — part of the EBOOKS collection.,ebooks,{EBOOKS},,https://drive.google.com/uc?export=download&id=1-Wwwpihl4RpSY-oD_UTm1kkwpNPBBwmI,,{},t,2026-03-11 01:08:21.852807+00,,,,,,https://drive.google.com/drive/folders/1hC_OTnAQ03zHZ6gxGvf2pVkQPv8jP362,,0
687a7008-2922-48d6-a75c-fee5d9d785bc,ebook,The Art Of Consistency,The Art Of Consistency — part of the EBOOKS collection.,ebooks,{EBOOKS},,https://drive.google.com/uc?export=download&id=1v9g8L4AmlUDhx-du4w8uLo_Mvz8fLYWv,,{},t,2026-03-11 01:08:22.218102+00,,,,,,https://drive.google.com/drive/folders/1hC_OTnAQ03zHZ6gxGvf2pVkQPv8jP362,,0
d968368b-44de-4485-8a89-d511565497ac,ebook,Faceless Creator   Book,Faceless Creator   Book — part of the EBOOKS collection.,ebooks,{EBOOKS},,https://drive.google.com/uc?export=download&id=1bo-ZvqcTuEA8AD5abapeG1G98YNZhC_-,,{},t,2026-03-11 01:08:22.601389+00,,,,,,https://drive.google.com/drive/folders/1hC_OTnAQ03zHZ6gxGvf2pVkQPv8jP362,,0
6100cd5a-7ee7-4961-be5e-ccaeafc7680c,ebook,The Art of Storytelling   Book,The Art of Storytelling   Book — part of the EBOOKS collection.,ebooks,{EBOOKS},https://drive.google.com/thumbnail?id=1A5uXx-j1p9PLBib7VS8ibts2P4u2lnn8&sz=w800,https://drive.google.com/uc?export=download&id=16U6zTdD23BFIu4zRD5dMMOGaQR4II3TF,,{},t,2026-03-11 01:08:22.939672+00,,,,,,https://drive.google.com/drive/folders/1hC_OTnAQ03zHZ6gxGvf2pVkQPv8jP362,,0
97620542-e682-4d49-9d77-06005e1fd57e,ebook,Lifecycle Email Marketing   Book,Lifecycle Email Marketing   Book — part of the EBOOKS collection.,ebooks,{EBOOKS},https://drive.google.com/thumbnail?id=1x3ZNN2DdpeQbV8huaYGcVD41-Zex5LML&sz=w800,https://drive.google.com/uc?export=download&id=1jz8aJatnmH2qA5NIF3Z7YOV-TOyxYUuj,,{},t,2026-03-11 01:08:23.298489+00,,,,,,https://drive.google.com/drive/folders/1hC_OTnAQ03zHZ6gxGvf2pVkQPv8jP362,,0
af182eff-9dca-447f-a1df-36b67340e9d3,ebook,AI YouTube Masterclass,AI YouTube Masterclass — part of the EBOOKS collection.,ebooks,{EBOOKS},,https://drive.google.com/uc?export=download&id=1bCIYJIh7wJao0_KeT1QFVTIIOolkzc_3,,{},t,2026-03-11 01:08:23.670297+00,,,,,,https://drive.google.com/drive/folders/1hC_OTnAQ03zHZ6gxGvf2pVkQPv8jP362,,0
ff942b1e-d9e8-4f02-a770-025327e6aacd,ebook,Google Business Profiles   Book,Google Business Profiles   Book — part of the EBOOKS collection.,ebooks,{EBOOKS},https://drive.google.com/thumbnail?id=12s-p2dlfobhyk7e8q1qo091PNi7KRYcz&sz=w800,https://drive.google.com/uc?export=download&id=1W5PN02rdPsEXk0SjLvjJF3cg1Zkusgi1,,{},t,2026-03-11 01:08:24.051712+00,,,,,,https://drive.google.com/drive/folders/1hC_OTnAQ03zHZ6gxGvf2pVkQPv8jP362,,0
dfd7f2be-b733-45f4-91f3-18361b59f916,ebook,Power of User Generated Content   Book,Power of User Generated Content   Book — part of the EBOOKS collection.,ebooks,{EBOOKS},,https://drive.google.com/uc?export=download&id=1Lbbmb8OGZO8amnb24NkD1gBei4Zr_Es1,,{},t,2026-03-11 01:08:24.44888+00,,,,,,https://drive.google.com/drive/folders/1hC_OTnAQ03zHZ6gxGvf2pVkQPv8jP362,,0
04da945c-b702-42dd-a239-b9104bc4485a,ebook,Etsy Profits,Etsy Profits — part of the EBOOKS collection.,ebooks,{EBOOKS},,https://drive.google.com/uc?export=download&id=1qFkeqyDbDsSSUTOpEP3iEcB8U9BWNjrr,,{},t,2026-03-11 01:08:24.830314+00,,,,,,https://drive.google.com/drive/folders/1hC_OTnAQ03zHZ6gxGvf2pVkQPv8jP362,,0
7549d087-1a74-4803-a122-96db1c217d8b,ebook,Copywriting Expertise,Copywriting Expertise — part of the EBOOKS collection.,ebooks,{EBOOKS},,https://drive.google.com/uc?export=download&id=1nduiMCM0Sa1oCaR8AKT9LFQvvQykcIwd,,{},t,2026-03-11 01:08:25.171235+00,,,,,,https://drive.google.com/drive/folders/1hC_OTnAQ03zHZ6gxGvf2pVkQPv8jP362,,0
a54180b6-2a71-4900-aabe-c4bbfb48b22e,ebook,LinkedIn Marketing School 2,LinkedIn Marketing School 2 — part of the EBOOKS collection.,ebooks,{EBOOKS},,https://drive.google.com/uc?export=download&id=1iykmH850Woj55K2wop1pNvHEXNbItgU_,,{},t,2026-03-11 01:08:25.502185+00,,,,,,https://drive.google.com/drive/folders/1hC_OTnAQ03zHZ6gxGvf2pVkQPv8jP362,,0
76a680c7-57ef-4b0f-b1fc-10106854e8a4,ebook,Create Freedom,Create Freedom — part of the EBOOKS collection.,ebooks,{EBOOKS},,https://drive.google.com/uc?export=download&id=1nqnNAYl847A4-08ByqJhdODXBfoldsUe,,{},t,2026-03-11 01:08:25.866191+00,,,,,,https://drive.google.com/drive/folders/1hC_OTnAQ03zHZ6gxGvf2pVkQPv8jP362,,0
a22b0977-6fc3-4418-b553-a95a88a5b973,ebook,Ability to Focus,Ability to Focus — part of the EBOOKS collection.,ebooks,{EBOOKS},,https://drive.google.com/uc?export=download&id=1Lff-O4exO6_UbxAAOIn2fKi2DPgngrQO,,{},t,2026-03-11 01:08:26.19427+00,,,,,,https://drive.google.com/drive/folders/1hC_OTnAQ03zHZ6gxGvf2pVkQPv8jP362,,0
09717ccd-69cb-474c-9f59-5199b12a9a75,ebook,Instagram Ads Success,Instagram Ads Success — part of the EBOOKS collection.,ebooks,{EBOOKS},,https://drive.google.com/uc?export=download&id=1FrOqLvysE43xM1B9xf1-uQt4Vacd8tjB,,{},t,2026-03-11 01:08:26.489644+00,,,,,,https://drive.google.com/drive/folders/1hC_OTnAQ03zHZ6gxGvf2pVkQPv8jP362,,0
983bc2a2-97e2-4b39-98f8-109bb3397858,ebook,Invincible Leader,Invincible Leader — part of the EBOOKS collection.,ebooks,{EBOOKS},,https://drive.google.com/uc?export=download&id=1hzVKJQKzH9m0k6fLAfoWlrYoVT3Gm6n3,,{},t,2026-03-11 01:08:26.825495+00,,,,,,https://drive.google.com/drive/folders/1hC_OTnAQ03zHZ6gxGvf2pVkQPv8jP362,,0
a5ead707-b8a3-43a7-94b7-747e150ca1da,ebook,High Ticket Affiliate Marketing   Book,High Ticket Affiliate Marketing   Book — part of the EBOOKS collection.,ebooks,{EBOOKS},https://drive.google.com/thumbnail?id=10klIJPbAuYqHh1_Yb44D1IwZKLbkOw66&sz=w800,https://drive.google.com/uc?export=download&id=1Gx43iFqj8ZmwO1HxUghkAXDJJ0MXYntl,,{},t,2026-03-11 01:08:27.192002+00,,,,,,https://drive.google.com/drive/folders/1hC_OTnAQ03zHZ6gxGvf2pVkQPv8jP362,,0
2ce1913a-5931-409b-b501-5860360338a3,ebook,Boost Your List Building Fast,Boost Your List Building Fast — part of the EBOOKS collection.,ebooks,{EBOOKS},,https://drive.google.com/uc?export=download&id=1Hhs5sh73q--5rIZvhUl8P7wi_9R9qk07,,{},t,2026-03-11 01:08:27.507197+00,,,,,,https://drive.google.com/drive/folders/1hC_OTnAQ03zHZ6gxGvf2pVkQPv8jP362,,0
e6724581-065e-4d59-9dca-a5b977d98f74,ebook,Coaching Business Success,Coaching Business Success — part of the EBOOKS collection.,ebooks,{EBOOKS},,https://drive.google.com/uc?export=download&id=1tAtY6kZE_2GqlYtt6PUVMhmY-GOS1O1u,,{},t,2026-03-11 01:08:27.851349+00,,,,,,https://drive.google.com/drive/folders/1hC_OTnAQ03zHZ6gxGvf2pVkQPv8jP362,,0
e6bf2e49-690f-44eb-a708-b2f01a913fa4,ebook,Build Positive Digital Presence   Book,Build Positive Digital Presence   Book — part of the EBOOKS collection.,ebooks,{EBOOKS},https://drive.google.com/thumbnail?id=1ysNw3PQE2NQVXWMTPdgOO23QqLd9mC88&sz=w800,https://drive.google.com/uc?export=download&id=1fuw7SRbOKBWP1rHMs91SSQvGFY3r6uub,,{},t,2026-03-11 01:08:28.210792+00,,,,,,https://drive.google.com/drive/folders/1hC_OTnAQ03zHZ6gxGvf2pVkQPv8jP362,,0
615c6cbe-7a8b-45d8-9ddb-421807e051c3,ebook,Success & How to Achieve it,Success & How to Achieve it — part of the EBOOKS collection.,ebooks,{EBOOKS},,https://drive.google.com/uc?export=download&id=17sLiVGpMVgyfCO5y-9w9APqz2m8IXaLw,,{},t,2026-03-11 01:08:28.577259+00,,,,,,https://drive.google.com/drive/folders/1hC_OTnAQ03zHZ6gxGvf2pVkQPv8jP362,,0
abd1d55f-13d3-41cd-8e28-7f9355ff64f1,ebook,YouTube Authority,YouTube Authority — part of the EBOOKS collection.,ebooks,{EBOOKS},,https://drive.google.com/uc?export=download&id=1AZ5Kltphf-SS4m0axsoSn1D4wnZorFSf,,{},t,2026-03-11 01:08:28.92991+00,,,,,,https://drive.google.com/drive/folders/1hC_OTnAQ03zHZ6gxGvf2pVkQPv8jP362,,0
042fc6f2-1b26-4c9b-a83b-fed13cec694e,ebook,Level Up Your Leadership,Level Up Your Leadership — part of the EBOOKS collection.,ebooks,{EBOOKS},,https://drive.google.com/uc?export=download&id=1aRCR0joEodS73XaAiB1xcCWcx9v8RL0c,,{},t,2026-03-11 01:08:29.253891+00,,,,,,https://drive.google.com/drive/folders/1hC_OTnAQ03zHZ6gxGvf2pVkQPv8jP362,,0
4c5ddff2-341e-42b2-a9d8-08fc3755f85c,ebook,Landing Page Persuasion   Book,Landing Page Persuasion   Book — part of the EBOOKS collection.,ebooks,{EBOOKS},,https://drive.google.com/uc?export=download&id=19eQlw4_kBOaPU3Ufzyed4u9tGJwTysN1,,{},t,2026-03-11 01:08:29.595004+00,,,,,,https://drive.google.com/drive/folders/1hC_OTnAQ03zHZ6gxGvf2pVkQPv8jP362,,0
24ab9438-778c-4af0-808d-6192b30be55b,ebook,Optimizing Email Open Rates   Book,Optimizing Email Open Rates   Book — part of the EBOOKS collection.,ebooks,{EBOOKS},,https://drive.google.com/uc?export=download&id=18qjSp76d5P0AVpKTPRg2WfyX0AgAIRE1,,{},t,2026-03-11 01:08:29.925034+00,,,,,,https://drive.google.com/drive/folders/1hC_OTnAQ03zHZ6gxGvf2pVkQPv8jP362,,0
3b2790bc-e6ee-4c9e-b47f-2e855f707e1b,ebook,Launch Your Online Course,Launch Your Online Course — part of the EBOOKS collection.,ebooks,{EBOOKS},,https://drive.google.com/uc?export=download&id=1U7PdbDe_ogzJWdawCeuS29Td0yASbzQX,,{},t,2026-03-11 01:08:30.278246+00,,,,,,https://drive.google.com/drive/folders/1hC_OTnAQ03zHZ6gxGvf2pVkQPv8jP362,,0
f0c0cbe6-124a-49f6-91be-556d32022356,ebook,Confidently Close Every Call   Bundle,Confidently Close Every Call   Bundle — part of the EBOOKS collection.,ebooks,{EBOOKS},https://drive.google.com/thumbnail?id=1Vu4kKL3kWW2GLQIwVeJmDGuROTn2SbRR&sz=w800,https://drive.google.com/uc?export=download&id=10JBRFHwwmr6AEcHJ_fuk4jdaPFez9sJc,,{},t,2026-03-11 01:08:30.692877+00,,,,,,https://drive.google.com/drive/folders/1hC_OTnAQ03zHZ6gxGvf2pVkQPv8jP362,,0
e06294b5-c17e-4845-b3df-504d95cadf3d,ebook,Transform Your Life,Transform Your Life — part of the EBOOKS collection.,ebooks,{EBOOKS},,https://drive.google.com/uc?export=download&id=15UB0K8-dGDXpuAwHDjckjf_aJzuY-0By,,{},t,2026-03-11 01:08:31.06275+00,,,,,,https://drive.google.com/drive/folders/1hC_OTnAQ03zHZ6gxGvf2pVkQPv8jP362,,0
bd7181c4-4111-40db-8fc7-4b437da6bd58,ebook,Affiliate Marketing Essentials,Affiliate Marketing Essentials — part of the EBOOKS collection.,ebooks,{EBOOKS},,https://drive.google.com/uc?export=download&id=1f0J6gv4IZ0rWcGkAbjYcOBTzbBLOSMTC,,{},t,2026-03-11 01:08:31.396601+00,,,,,,https://drive.google.com/drive/folders/1hC_OTnAQ03zHZ6gxGvf2pVkQPv8jP362,,0
7c20eb60-a1b5-4462-b59a-0333cff16a4d,ebook,YouTube Quick Start,YouTube Quick Start — part of the EBOOKS collection.,ebooks,{EBOOKS},,https://drive.google.com/uc?export=download&id=1rOIndcZJPZoKfwtKIpM3pnfgCNBBCTWM,,{},t,2026-03-11 01:08:31.771731+00,,,,,,https://drive.google.com/drive/folders/1hC_OTnAQ03zHZ6gxGvf2pVkQPv8jP362,,0
cab93ab2-0d2f-42b3-af69-80c7fdc9d339,ebook,Discover Your Specialty,Discover Your Specialty — part of the EBOOKS collection.,ebooks,{EBOOKS},,https://drive.google.com/uc?export=download&id=1dHV1EupXKbgGCAOLzuHOnx1dTrLpT_Wf,,{},t,2026-03-11 01:08:32.1366+00,,,,,,https://drive.google.com/drive/folders/1hC_OTnAQ03zHZ6gxGvf2pVkQPv8jP362,,0
89279da2-357a-4678-bae7-ec83ca671e4e,ebook,6 Figure Digital Products,6 Figure Digital Products — part of the EBOOKS collection.,ebooks,{EBOOKS},,https://drive.google.com/uc?export=download&id=11LCqHvKsBzpNNoNe9ZsHQeLRryJhGb6V,,{},t,2026-03-11 01:08:32.505731+00,,,,,,https://drive.google.com/drive/folders/1hC_OTnAQ03zHZ6gxGvf2pVkQPv8jP362,,0
472b10e0-2cb4-4055-be87-6160bdccb0dd,ebook,Facebook Ad Mastery,Facebook Ad Mastery — part of the EBOOKS collection.,ebooks,{EBOOKS},,https://drive.google.com/uc?export=download&id=1cj6Bl5fgUjh3Xcy2UGR6HMb4zctXZ1us,,{},t,2026-03-11 01:08:32.950401+00,,,,,,https://drive.google.com/drive/folders/1hC_OTnAQ03zHZ6gxGvf2pVkQPv8jP362,,0
6d60881c-bdec-425d-8d40-93b1fae4e108,ebook,Mastery of Ecommerce,Mastery of Ecommerce — part of the EBOOKS collection.,ebooks,{EBOOKS},,https://drive.google.com/uc?export=download&id=16KMwgqbOc7EyhpI3vM8h0tYqLUS-rIcI,,{},t,2026-03-11 01:08:33.30285+00,,,,,,https://drive.google.com/drive/folders/1hC_OTnAQ03zHZ6gxGvf2pVkQPv8jP362,,0
fd5f4330-ef24-44c8-9dcf-288fd510a611,ebook,Google Search Ads Unlocked   Book (2),Google Search Ads Unlocked   Book (2) — part of the EBOOKS collection.,ebooks,{EBOOKS},https://drive.google.com/thumbnail?id=1VlD1gN4nWmTkJaOE6C0fZqzFSP_S5Ve2&sz=w800,https://drive.google.com/uc?export=download&id=1a9RGjpgXLECdapK7p7sYwfsUTXcCpsfH,,{},t,2026-03-11 01:08:33.662925+00,,,,,,https://drive.google.com/drive/folders/1hC_OTnAQ03zHZ6gxGvf2pVkQPv8jP362,,0
329f3aff-cb35-438c-b1b0-e2b8c1b887ae,ebook,Amazon FBA Success,Amazon FBA Success — part of the EBOOKS collection.,ebooks,{EBOOKS},,https://drive.google.com/uc?export=download&id=1xaPr5jlxueZshSlUHbzzpew1S-pLeFCR,,{},t,2026-03-11 01:08:34.000587+00,,,,,,https://drive.google.com/drive/folders/1hC_OTnAQ03zHZ6gxGvf2pVkQPv8jP362,,0
9ecfbe94-8f03-48a0-8900-da33d244e257,ebook,Recurring Income,Recurring Income — part of the EBOOKS collection.,ebooks,{EBOOKS},,https://drive.google.com/uc?export=download&id=1cVmGOSpHX9nK36u5z4ExQSCv0L7_nKKo,,{},t,2026-03-11 01:08:34.389271+00,,,,,,https://drive.google.com/drive/folders/1hC_OTnAQ03zHZ6gxGvf2pVkQPv8jP362,,0
18c8ee9d-c887-40d6-bd7a-b3877518d641,ebook,Influential Blogging,Influential Blogging — part of the EBOOKS collection.,ebooks,{EBOOKS},,https://drive.google.com/uc?export=download&id=1VRWdmZHwDKOLWnILZQ1QFJ_ft9g7HQWV,,{},t,2026-03-11 01:08:34.754859+00,,,,,,https://drive.google.com/drive/folders/1hC_OTnAQ03zHZ6gxGvf2pVkQPv8jP362,,0
88db1821-92c3-472f-aff4-2c7437e7ee59,ebook,Udemy for Reccuring Income,Udemy for Reccuring Income — part of the EBOOKS collection.,ebooks,{EBOOKS},,https://drive.google.com/uc?export=download&id=1kUyhVO5q7806g3R65LI6qZpO6tf18xpH,,{},t,2026-03-11 01:08:35.066093+00,,,,,,https://drive.google.com/drive/folders/1hC_OTnAQ03zHZ6gxGvf2pVkQPv8jP362,,0
6a12192a-9bd0-434d-bd2c-b25f9c8b9fd1,ebook,Reputation Revolution   Book,Reputation Revolution   Book — part of the EBOOKS collection.,ebooks,{EBOOKS},https://drive.google.com/thumbnail?id=1HFwOxov8IKVmGZdJB6_CFkf842SOc712&sz=w800,https://drive.google.com/uc?export=download&id=1FX9TKJF4FxjXZq98mIb9wW2tDwG_tbVE,,{},t,2026-03-11 01:08:35.437528+00,,,,,,https://drive.google.com/drive/folders/1hC_OTnAQ03zHZ6gxGvf2pVkQPv8jP362,,0
f1d54b8e-9261-4ab2-9b07-3b0240ded145,ebook,Mastering Sales Funnel,Mastering Sales Funnel — part of the EBOOKS collection.,ebooks,{EBOOKS},,https://drive.google.com/uc?export=download&id=1Pd61nNnggzWkchxxJfeK2shPcNCk7wq-,,{},t,2026-03-11 01:08:35.781159+00,,,,,,https://drive.google.com/drive/folders/1hC_OTnAQ03zHZ6gxGvf2pVkQPv8jP362,,0
61cc9adb-960e-4727-9fb3-71262df52299,ebook,Mental Toughness   Book,Mental Toughness   Book — part of the EBOOKS collection.,ebooks,{EBOOKS},,https://drive.google.com/uc?export=download&id=13P2XJ5aqrZ4jufD2Zua94_Tkqs6hnWel,,{},t,2026-03-11 01:08:36.232743+00,,,,,,https://drive.google.com/drive/folders/1hC_OTnAQ03zHZ6gxGvf2pVkQPv8jP362,,0
99b0bff0-a4f2-4669-92d1-e3b2eba23489,ebook,Understanding Business Metrics   Book,Understanding Business Metrics   Book — part of the EBOOKS collection.,ebooks,{EBOOKS},https://drive.google.com/thumbnail?id=1RPzzEideJscP-ccmDDMV8uPyjIzGBhGt&sz=w800,https://drive.google.com/uc?export=download&id=1MrbPcdM5n-hpYHBFqlAcnwh0LJrbfY7t,,{},t,2026-03-11 01:08:36.679485+00,,,,,,https://drive.google.com/drive/folders/1hC_OTnAQ03zHZ6gxGvf2pVkQPv8jP362,,0
d8965534-c7a1-4b37-8fcf-7b237d3bc904,ebook,Mastering Digital Products,Mastering Digital Products — part of the EBOOKS collection.,ebooks,{EBOOKS},,https://drive.google.com/uc?export=download&id=19_91TNV9X69zfEVAeIlRgJPrW62_8_ow,,{},t,2026-03-11 01:08:37.00977+00,,,,,,https://drive.google.com/drive/folders/1hC_OTnAQ03zHZ6gxGvf2pVkQPv8jP362,,0
5288dc99-3fb0-4fad-a4ff-12ea8cc2585e,ebook,Cash Flow Mastery   Book,Cash Flow Mastery   Book — part of the EBOOKS collection.,ebooks,{EBOOKS},,https://drive.google.com/uc?export=download&id=1hoC-ctyFn52QpzMrQ0a1VPJJSb6HBKJN,,{},t,2026-03-11 01:08:37.345831+00,,,,,,https://drive.google.com/drive/folders/1hC_OTnAQ03zHZ6gxGvf2pVkQPv8jP362,,0
e7f7b13c-6517-41b0-be9a-56bc088d4777,ebook,AdSense Mastery,AdSense Mastery — part of the EBOOKS collection.,ebooks,{EBOOKS},,https://drive.google.com/uc?export=download&id=1MHN43URsygKnqmnoAQ7qmsqu7t4oQq7e,,{},t,2026-03-11 01:08:37.68274+00,,,,,,https://drive.google.com/drive/folders/1hC_OTnAQ03zHZ6gxGvf2pVkQPv8jP362,,0
5db19548-7eb9-4dad-aff1-da89d6b537b9,ebook,Amazon Associate Influence,Amazon Associate Influence — part of the EBOOKS collection.,ebooks,{EBOOKS},,https://drive.google.com/uc?export=download&id=1Me-Q40G6XWSDEFdOCUBU8yxEKaeAJiDd,,{},t,2026-03-11 01:08:38.060306+00,,,,,,https://drive.google.com/drive/folders/1hC_OTnAQ03zHZ6gxGvf2pVkQPv8jP362,,0
06d3a712-fc3d-48f8-8011-c8acf37f90ff,ebook,Writing That Sticks   Book,Writing That Sticks   Book — part of the EBOOKS collection.,ebooks,{EBOOKS},https://drive.google.com/thumbnail?id=1DVgiYNoeBgthtr8hwKZ9XHqJZiYA6wmG&sz=w800,https://drive.google.com/uc?export=download&id=1evlMPPJeNo2pkzq05w7SeilThvst7u89,,{},t,2026-03-11 01:08:38.4202+00,,,,,,https://drive.google.com/drive/folders/1hC_OTnAQ03zHZ6gxGvf2pVkQPv8jP362,,0
4b221769-c483-477b-a9a0-dc45ad7f9faf,ebook,Cost per Action Marketing Mastery,Cost per Action Marketing Mastery — part of the EBOOKS collection.,ebooks,{EBOOKS},,https://drive.google.com/uc?export=download&id=1uxvDbK_0IL6hPmcZN3zcOsxAaRlSRhhV,,{},t,2026-03-11 01:08:38.784624+00,,,,,,https://drive.google.com/drive/folders/1hC_OTnAQ03zHZ6gxGvf2pVkQPv8jP362,,0
11b8270f-e4d7-4a1e-9d7a-2f60484d4ce8,ebook,Starting 6 Figure Business,Starting 6 Figure Business — part of the EBOOKS collection.,ebooks,{EBOOKS},,https://drive.google.com/uc?export=download&id=1D2ffJaD3WyFrIuD_iXIXOCvTOG-oRZsu,,{},t,2026-03-11 01:08:39.106261+00,,,,,,https://drive.google.com/drive/folders/1hC_OTnAQ03zHZ6gxGvf2pVkQPv8jP362,,0
c5cb982f-39db-40df-98ac-f273f2503544,ebook,Reclaim Time,Reclaim Time — part of the EBOOKS collection.,ebooks,{EBOOKS},,https://drive.google.com/uc?export=download&id=1wXUEm2cRyO3q2IXVTxhfAotDRvjWhePa,,{},t,2026-03-11 01:08:39.430244+00,,,,,,https://drive.google.com/drive/folders/1hC_OTnAQ03zHZ6gxGvf2pVkQPv8jP362,,0
a013c4e9-0db3-48fd-94b3-7582b6e1ef91,ebook,Ecommerce With Shopify,Ecommerce With Shopify — part of the EBOOKS collection.,ebooks,{EBOOKS},,https://drive.google.com/uc?export=download&id=1L-G88wP80rlj2G-32hVnpD9BBx9Hw_Ud,,{},t,2026-03-11 01:08:39.751487+00,,,,,,https://drive.google.com/drive/folders/1hC_OTnAQ03zHZ6gxGvf2pVkQPv8jP362,,0
7e16cee5-a80d-4290-a2c6-bc2622821542,ebook,Side Hustles Done Right,Side Hustles Done Right — part of the EBOOKS collection.,ebooks,{EBOOKS},,https://drive.google.com/uc?export=download&id=1AxlGA6W-py3pZ61ZctcH1SB6Gpnz8mvE,,{},t,2026-03-11 01:08:40.09678+00,,,,,,https://drive.google.com/drive/folders/1hC_OTnAQ03zHZ6gxGvf2pVkQPv8jP362,,0
e597e4c7-9101-4e96-8f66-3bd048d8249f,ebook,The Power of Prototypes   Book,The Power of Prototypes   Book — part of the EBOOKS collection.,ebooks,{EBOOKS},,https://drive.google.com/uc?export=download&id=1XhoRsJwLLQ3YGPzVUGJ2ao464zWK_B_e,,{},t,2026-03-11 01:08:40.437096+00,,,,,,https://drive.google.com/drive/folders/1hC_OTnAQ03zHZ6gxGvf2pVkQPv8jP362,,0
243a97f2-3e49-4018-9571-627b53a85c58,ebook,The Growth Mindset,The Growth Mindset — part of the EBOOKS collection.,ebooks,{EBOOKS},,https://drive.google.com/uc?export=download&id=1Z3bdC8QNzUj9b2J94U-hEqyGwSSJ6W4H,,{},t,2026-03-11 01:08:40.81169+00,,,,,,https://drive.google.com/drive/folders/1hC_OTnAQ03zHZ6gxGvf2pVkQPv8jP362,,0
fb233ea5-0a84-4bfc-94a5-f5a6cde54a07,ebook,Search Engine Optimization,Search Engine Optimization — part of the EBOOKS collection.,ebooks,{EBOOKS},,https://drive.google.com/uc?export=download&id=1X7xBGD9dqv-UaZfwlvpLCE-c3NxR4bFr,,{},t,2026-03-11 01:08:41.194724+00,,,,,,https://drive.google.com/drive/folders/1hC_OTnAQ03zHZ6gxGvf2pVkQPv8jP362,,0
310f9fc3-be3f-4823-a704-6a17ce6bbac3,ebook,Dropshipping Simplified,Dropshipping Simplified — part of the EBOOKS collection.,ebooks,{EBOOKS},,https://drive.google.com/uc?export=download&id=1msLBHaU6U5e6Wslultq7U0bhWs9y-Mvm,,{},t,2026-03-11 01:08:41.572295+00,,,,,,https://drive.google.com/drive/folders/1hC_OTnAQ03zHZ6gxGvf2pVkQPv8jP362,,0
f1786527-63e1-4c37-ad21-117d1737e93f,ebook,Content Marketing Formula,Content Marketing Formula — part of the EBOOKS collection.,ebooks,{EBOOKS},,https://drive.google.com/uc?export=download&id=1aoC60y0STQvbHXZMTCQ43BD7RnlWZgZW,,{},t,2026-03-11 01:08:41.971851+00,,,,,,https://drive.google.com/drive/folders/1hC_OTnAQ03zHZ6gxGvf2pVkQPv8jP362,,0
51b16f47-b327-4159-9b39-a24b818f3ed6,ebook,Growing Mindset,Growing Mindset — part of the EBOOKS collection.,ebooks,{EBOOKS},,https://drive.google.com/uc?export=download&id=1do3Y2aZ6KNy1PS3uFFfL9IBJ8E-W1xdK,,{},t,2026-03-11 01:08:42.305557+00,,,,,,https://drive.google.com/drive/folders/1hC_OTnAQ03zHZ6gxGvf2pVkQPv8jP362,,0
0284cc08-2a48-4340-8193-01ca3f5bc41d,ebook,Power of Online Traffic,Power of Online Traffic — part of the EBOOKS collection.,ebooks,{EBOOKS},,https://drive.google.com/uc?export=download&id=1TgLw15ufntiwUCkNMipoIWTSo1cjDnjV,,{},t,2026-03-11 01:08:42.638381+00,,,,,,https://drive.google.com/drive/folders/1hC_OTnAQ03zHZ6gxGvf2pVkQPv8jP362,,0
cbbfbd31-c34f-4e44-8e9f-e2f5862bcbdd,ebook,The Psychology of Conversions   Book,The Psychology of Conversions   Book — part of the EBOOKS collection.,ebooks,{EBOOKS},,https://drive.google.com/uc?export=download&id=1s6EhdjTNgzPCr_iaVEdjN4hsEv3mkTHr,,{},t,2026-03-11 01:08:42.978172+00,,,,,,https://drive.google.com/drive/folders/1hC_OTnAQ03zHZ6gxGvf2pVkQPv8jP362,,0
309a1b08-8c70-4912-9439-62a086db7a83,ebook,Mastering Organic Traffic,Mastering Organic Traffic — part of the EBOOKS collection.,ebooks,{EBOOKS},,https://drive.google.com/uc?export=download&id=1JiZ61MIQRZlpDgf7T7Xs1I_4Hd3gO8zO,,{},t,2026-03-11 01:08:43.335209+00,,,,,,https://drive.google.com/drive/folders/1hC_OTnAQ03zHZ6gxGvf2pVkQPv8jP362,,0
e58fdcbe-4b12-4603-a568-b9925cdfacb1,ebook,The Confidence Blueprint   Book,The Confidence Blueprint   Book — part of the EBOOKS collection.,ebooks,{EBOOKS},,https://drive.google.com/uc?export=download&id=15Z1DuVut2xgMZGQV_qBybRJ9eahBq3jN,,{},t,2026-03-11 01:08:43.677192+00,,,,,,https://drive.google.com/drive/folders/1hC_OTnAQ03zHZ6gxGvf2pVkQPv8jP362,,0
ea64aad3-e7e6-43de-ad7c-fe2727f6abe1,ebook,Productivity with ADHD   Book,Productivity with ADHD   Book — part of the EBOOKS collection.,ebooks,{EBOOKS},https://drive.google.com/thumbnail?id=1D-EHBVuL8b49FGlFMkSXh401mAJqoIFJ&sz=w800,https://drive.google.com/uc?export=download&id=1d1NRbIXl60fDRFIb3rVre6ORiZm9SKJd,,{},t,2026-03-11 01:08:44.010238+00,,,,,,https://drive.google.com/drive/folders/1hC_OTnAQ03zHZ6gxGvf2pVkQPv8jP362,,0
2889d392-9e6c-4a2e-8d2a-8469e84f9af4,ebook,Social Marketing School,Social Marketing School — part of the EBOOKS collection.,ebooks,{EBOOKS},,https://drive.google.com/uc?export=download&id=1-0U38R-K1YhAa3WtWY0Nx6-pir9_UR3L,,{},t,2026-03-11 01:08:44.377564+00,,,,,,https://drive.google.com/drive/folders/1hC_OTnAQ03zHZ6gxGvf2pVkQPv8jP362,,0
d2a9cdfa-b494-49c4-a156-b5e325c377c5,ebook,Side Hustle Success,Side Hustle Success — part of the EBOOKS collection.,ebooks,{EBOOKS},,https://drive.google.com/uc?export=download&id=1Rjn4qufn6ancw-409XZeTd482tyzsnlV,,{},t,2026-03-11 01:08:44.726634+00,,,,,,https://drive.google.com/drive/folders/1hC_OTnAQ03zHZ6gxGvf2pVkQPv8jP362,,0
efc75168-bd2e-4c75-b8c8-3b0ff5f623a3,ebook,Time To Become Limitless,Time To Become Limitless — part of the EBOOKS collection.,ebooks,{EBOOKS},,https://drive.google.com/uc?export=download&id=1a4WPi5ruzbD08Z44y7561wsUjM32zSGP,,{},t,2026-03-11 01:08:45.102027+00,,,,,,https://drive.google.com/drive/folders/1hC_OTnAQ03zHZ6gxGvf2pVkQPv8jP362,,0
2c4e40a2-b17c-4cae-8227-7b9753b810f5,ebook,Google Maps Profits,Google Maps Profits — part of the EBOOKS collection.,ebooks,{EBOOKS},,https://drive.google.com/uc?export=download&id=1bPq9xKW8SfE513cynVtB_BiH4r-NcKL0,,{},t,2026-03-11 01:08:45.388449+00,,,,,,https://drive.google.com/drive/folders/1hC_OTnAQ03zHZ6gxGvf2pVkQPv8jP362,,0
c8c9f06a-57b9-4eda-928c-fd3d71c8072b,ebook,Metaverse Explained,Metaverse Explained — part of the EBOOKS collection.,ebooks,{EBOOKS},,https://drive.google.com/uc?export=download&id=1U_aPbt60pOI-YBbXmD0ZY94Hin1_dos5,,{},t,2026-03-11 01:08:45.75085+00,,,,,,https://drive.google.com/drive/folders/1hC_OTnAQ03zHZ6gxGvf2pVkQPv8jP362,,0
62b218c4-bc67-4c53-a47b-52a9312e2e27,ebook,Marketing Plan Simplified   Book,Marketing Plan Simplified   Book — part of the EBOOKS collection.,ebooks,{EBOOKS},https://drive.google.com/thumbnail?id=1Wg-tjMKS_VgCGSEk5KT0g-u63NqYkPcb&sz=w800,https://drive.google.com/uc?export=download&id=1DqaSFnmqgjaCVDrWnbqMZmI3-Nepu-7E,,{},t,2026-03-11 01:08:46.059019+00,,,,,,https://drive.google.com/drive/folders/1hC_OTnAQ03zHZ6gxGvf2pVkQPv8jP362,,0
315c875b-5287-4ece-9f81-f9250f582410,ebook,Essential Business Branding,Essential Business Branding — part of the EBOOKS collection.,ebooks,{EBOOKS},,https://drive.google.com/uc?export=download&id=1DcNciCebsWTCCKB6A3smj9YkO0i-0V08,,{},t,2026-03-11 01:08:46.474443+00,,,,,,https://drive.google.com/drive/folders/1hC_OTnAQ03zHZ6gxGvf2pVkQPv8jP362,,0
ac1253fe-6d1b-40cf-b3c1-7dfa88e7a33d,ebook,Article Marketing Command,Article Marketing Command — part of the EBOOKS collection.,ebooks,{EBOOKS},,https://drive.google.com/uc?export=download&id=1KYAmLgpDspFCVPeoLndCAnAbH-Cjk9eq,,{},t,2026-03-11 01:08:46.810268+00,,,,,,https://drive.google.com/drive/folders/1hC_OTnAQ03zHZ6gxGvf2pVkQPv8jP362,,0
e3721612-7378-4a27-9054-375c8bfd00d0,ebook,Online Business Launching Strategies   Book,Online Business Launching Strategies   Book — part of the EBOOKS collection.,ebooks,{EBOOKS},https://drive.google.com/thumbnail?id=1h8x-pGGngmkvvm4rKPGNjER0n1Jpg3k7&sz=w800,https://drive.google.com/uc?export=download&id=1Ssgo1lcV5-28tThlpOmakrQizVKKCbd6,,{},t,2026-03-11 01:08:47.162575+00,,,,,,https://drive.google.com/drive/folders/1hC_OTnAQ03zHZ6gxGvf2pVkQPv8jP362,,0
8e1c52dc-45f6-4dcc-af92-92e9d18e317a,ebook,YouTube in 5 Easy Steps,YouTube in 5 Easy Steps — part of the EBOOKS collection.,ebooks,{EBOOKS},,https://drive.google.com/uc?export=download&id=1nC36Q26WYJUZKuyIfkt-eL9KtUHfZvtV,,{},t,2026-03-11 01:08:47.529185+00,,,,,,https://drive.google.com/drive/folders/1hC_OTnAQ03zHZ6gxGvf2pVkQPv8jP362,,0
13539203-024f-4779-84dc-ebc48e48187f,ebook,Attitude Is Key,Attitude Is Key — part of the EBOOKS collection.,ebooks,{EBOOKS},,https://drive.google.com/uc?export=download&id=1kaYn24vm-vqD6wFbmMpywBTJs0SabWXq,,{},t,2026-03-11 01:08:47.853579+00,,,,,,https://drive.google.com/drive/folders/1hC_OTnAQ03zHZ6gxGvf2pVkQPv8jP362,,0
32bee084-0f32-4ea1-a4de-30c77ecce5e8,ebook,Beyond the Inbox   Book,Beyond the Inbox   Book — part of the EBOOKS collection.,ebooks,{EBOOKS},,https://drive.google.com/uc?export=download&id=1HxYiBS1iQ4qIPLhknIS5PLb0D7MKDd5d,,{},t,2026-03-11 01:08:48.191838+00,,,,,,https://drive.google.com/drive/folders/1hC_OTnAQ03zHZ6gxGvf2pVkQPv8jP362,,0
bb1249f3-4226-4aff-9bcd-2b6566012cfb,ebook,Snapchat Traffic Booster,Snapchat Traffic Booster — part of the EBOOKS collection.,ebooks,{EBOOKS},,https://drive.google.com/uc?export=download&id=17uxWL1XwE5L6PM3BNGosUiWtKTfa0aZ9,,{},t,2026-03-11 01:08:48.547188+00,,,,,,https://drive.google.com/drive/folders/1hC_OTnAQ03zHZ6gxGvf2pVkQPv8jP362,,0
b5e1d108-dd65-4ab7-8b12-a1c63921649a,ebook,Creative Powerhouse,Creative Powerhouse — part of the EBOOKS collection.,ebooks,{EBOOKS},,https://drive.google.com/uc?export=download&id=1ZBVCRGmf8-lgqHOagam4645MB0X-1eWh,,{},t,2026-03-11 01:08:48.923571+00,,,,,,https://drive.google.com/drive/folders/1hC_OTnAQ03zHZ6gxGvf2pVkQPv8jP362,,0
c0213ae9-9b9e-4e4f-b876-2a5cad94f47a,ebook,Cash in On Clickbank,Cash in On Clickbank — part of the EBOOKS collection.,ebooks,{EBOOKS},,https://drive.google.com/uc?export=download&id=1p1ZGcVKm_ftYVv3Nq-yFCtyacRTWTbVM,,{},t,2026-03-11 01:08:49.265804+00,,,,,,https://drive.google.com/drive/folders/1hC_OTnAQ03zHZ6gxGvf2pVkQPv8jP362,,0
25f8bdb4-19e5-4d8c-9c79-65c8c57d919b,ebook,Business Systemization,Business Systemization — part of the EBOOKS collection.,ebooks,{EBOOKS},,https://drive.google.com/uc?export=download&id=1GmWBdywcyf75LhNh2rDPMIq8BLamXw7S,,{},t,2026-03-11 01:08:49.617476+00,,,,,,https://drive.google.com/drive/folders/1hC_OTnAQ03zHZ6gxGvf2pVkQPv8jP362,,0
5ce3b1b8-1bfb-4606-9f05-87214dcb90da,ebook,How to Build a Website   Book,How to Build a Website   Book — part of the EBOOKS collection.,ebooks,{EBOOKS},https://drive.google.com/thumbnail?id=1Jw1-mfqir4VNbqW64N3IHfTc6L2QlXIS&sz=w800,https://drive.google.com/uc?export=download&id=1lGWXJtZz3eNq5NXXeKGwlz1lE3Zh5Epp,,{},t,2026-03-11 01:08:49.976281+00,,,,,,https://drive.google.com/drive/folders/1hC_OTnAQ03zHZ6gxGvf2pVkQPv8jP362,,0
6513f52c-2305-4fa3-826d-129f5ff1bd20,ebook,Insider Pricing Strategies,Insider Pricing Strategies — part of the EBOOKS collection.,ebooks,{EBOOKS},,https://drive.google.com/uc?export=download&id=1_6WDsUYtbdPQN5Jf9UkPCUPHPW7DW6rJ,,{},t,2026-03-11 01:08:50.307606+00,,,,,,https://drive.google.com/drive/folders/1hC_OTnAQ03zHZ6gxGvf2pVkQPv8jP362,,0
9996f2b6-f5fe-4184-9c6a-94bfb3dc7d94,ebook,Building Your Coaching Business,Building Your Coaching Business — part of the EBOOKS collection.,ebooks,{EBOOKS},,https://drive.google.com/uc?export=download&id=1aTphHaui1DdOwtn1U4jeFIsB4UX8Ynkw,,{},t,2026-03-11 01:08:50.692352+00,,,,,,https://drive.google.com/drive/folders/1hC_OTnAQ03zHZ6gxGvf2pVkQPv8jP362,,0
e0c97fcf-dcec-45d1-b492-c3d2d4851c5c,ebook,Meta Ads Made Affordable   Book,Meta Ads Made Affordable   Book — part of the EBOOKS collection.,ebooks,{EBOOKS},https://drive.google.com/thumbnail?id=1G2gNdW93R6qWD4ixoOa3JG51WDdcLOvn&sz=w800,https://drive.google.com/uc?export=download&id=18w6Gm3Pi8FCsRIILRUF3bD1_BZc4FrdG,,{},t,2026-03-11 01:08:51.066045+00,,,,,,https://drive.google.com/drive/folders/1hC_OTnAQ03zHZ6gxGvf2pVkQPv8jP362,,0
928a1164-257c-4767-ae23-d5b27d76f0b6,ebook,Make Things Happen,Make Things Happen — part of the EBOOKS collection.,ebooks,{EBOOKS},,https://drive.google.com/uc?export=download&id=17c1jfprGxu6WOS_QD-XWCmqeBMp3FpsJ,,{},t,2026-03-11 01:08:51.408215+00,,,,,,https://drive.google.com/drive/folders/1hC_OTnAQ03zHZ6gxGvf2pVkQPv8jP362,,0
e15f885e-09f7-4b8a-acfb-455cc7916948,ebook,Freelance Standout   Book,Freelance Standout   Book — part of the EBOOKS collection.,ebooks,{EBOOKS},,https://drive.google.com/uc?export=download&id=1gEDcx-MgzHVrFwxcuk1bEzAvrjNb-LLv,,{},t,2026-03-11 01:08:51.760607+00,,,,,,https://drive.google.com/drive/folders/1hC_OTnAQ03zHZ6gxGvf2pVkQPv8jP362,,0
e0ed9314-73d5-4e89-96c9-e2a799609ece,ebook,Natural Energy Boost   Book,Natural Energy Boost   Book — part of the EBOOKS collection.,ebooks,{EBOOKS},,https://drive.google.com/uc?export=download&id=1zJvmeB8LkCh29Rwy3LFqZLrxp4_BYwLp,,{},t,2026-03-11 01:08:52.132674+00,,,,,,https://drive.google.com/drive/folders/1hC_OTnAQ03zHZ6gxGvf2pVkQPv8jP362,,0
ebdf9c34-9695-4fc3-8348-2fa7c84e31e5,ebook,Rewriting Your Story,Rewriting Your Story — part of the EBOOKS collection.,ebooks,{EBOOKS},,https://drive.google.com/uc?export=download&id=1cEh3l4HtgbhzGbRFy-oUn9valSDXA1D_,,{},t,2026-03-11 01:08:52.498186+00,,,,,,https://drive.google.com/drive/folders/1hC_OTnAQ03zHZ6gxGvf2pVkQPv8jP362,,0
f1a7f692-4144-4db0-9cb6-9e98edc12db8,ebook,Organizing Excellence,Organizing Excellence — part of the EBOOKS collection.,ebooks,{EBOOKS},,https://drive.google.com/uc?export=download&id=1saqjI1yIpZDhoxYJozrBA_7QtQZ_GJKR,,{},t,2026-03-11 01:08:52.855006+00,,,,,,https://drive.google.com/drive/folders/1hC_OTnAQ03zHZ6gxGvf2pVkQPv8jP362,,0
4cb9cd10-174d-472e-a907-2c8b4f5ab321,ebook,Product Launch School,Product Launch School — part of the EBOOKS collection.,ebooks,{EBOOKS},,https://drive.google.com/uc?export=download&id=1x0gzRaFP7VC0FKAufWo1e4zxp01nzjXh,,{},t,2026-03-11 01:08:53.282311+00,,,,,,https://drive.google.com/drive/folders/1hC_OTnAQ03zHZ6gxGvf2pVkQPv8jP362,,0
f3021f08-f961-44fe-aa9e-5a641d707f1b,ebook,Email List Guru,Email List Guru — part of the EBOOKS collection.,ebooks,{EBOOKS},,https://drive.google.com/uc?export=download&id=12K633xDnxX1smhDfPPQXH_F20784rVVP,,{},t,2026-03-11 01:08:53.63833+00,,,,,,https://drive.google.com/drive/folders/1hC_OTnAQ03zHZ6gxGvf2pVkQPv8jP362,,0
a1fb5ed8-36a3-4286-855e-9fd7bcb43cfd,ebook,Affiliate Marketing School,Affiliate Marketing School — part of the EBOOKS collection.,ebooks,{EBOOKS},,https://drive.google.com/uc?export=download&id=1AGkT2jauwkxS50-a_n2R1SAzR1008C5q,,{},t,2026-03-11 01:08:54.007841+00,,,,,,https://drive.google.com/drive/folders/1hC_OTnAQ03zHZ6gxGvf2pVkQPv8jP362,,0
ef7a2d93-12f5-45f1-b7a8-188987c838d2,ebook,Facebook Retargeting Secrets,Facebook Retargeting Secrets — part of the EBOOKS collection.,ebooks,{EBOOKS},,https://drive.google.com/uc?export=download&id=1ypVFWczJTda-lHypUxNKFeq_a9iix7f3,,{},t,2026-03-11 01:08:54.370183+00,,,,,,https://drive.google.com/drive/folders/1hC_OTnAQ03zHZ6gxGvf2pVkQPv8jP362,,0
6e1d2ecc-7ef8-417c-9f59-df5dd5f3afab,ebook,Ultimate USP,Ultimate USP — part of the EBOOKS collection.,ebooks,{EBOOKS},,https://drive.google.com/uc?export=download&id=145pRIMjT4cbq58gZPlb04uXxQMG646gF,,{},t,2026-03-11 01:08:54.706384+00,,,,,,https://drive.google.com/drive/folders/1hC_OTnAQ03zHZ6gxGvf2pVkQPv8jP362,,0
2b074435-2b67-4acd-876c-95e6eb101c05,ebook,Motivation & Inspiration,Motivation & Inspiration — part of the EBOOKS collection.,ebooks,{EBOOKS},,https://drive.google.com/uc?export=download&id=15b6TsvRa3RxzRoq0avgDbxEK2U971pFs,,{},t,2026-03-11 01:08:55.054776+00,,,,,,https://drive.google.com/drive/folders/1hC_OTnAQ03zHZ6gxGvf2pVkQPv8jP362,,0
ac6b588d-9542-40b1-b6d1-aa958838f47d,ebook,Power of Advertising,Power of Advertising — part of the EBOOKS collection.,ebooks,{EBOOKS},,https://drive.google.com/uc?export=download&id=1OJNJKqb2isfI7-t0qbjae_AFlJT6s53E,,{},t,2026-03-11 01:08:55.39408+00,,,,,,https://drive.google.com/drive/folders/1hC_OTnAQ03zHZ6gxGvf2pVkQPv8jP362,,0
1129b165-f6f6-44df-acc6-b26e8716a184,ebook,WorthWhile Life,WorthWhile Life — part of the EBOOKS collection.,ebooks,{EBOOKS},,https://drive.google.com/uc?export=download&id=1-1jfu0HrXzuODjA2iJEbGcQxCm3KT3JV,,{},t,2026-03-11 01:08:55.782696+00,,,,,,https://drive.google.com/drive/folders/1hC_OTnAQ03zHZ6gxGvf2pVkQPv8jP362,,0
fcf22dd9-2674-44e2-be83-154fb00d836f,ebook,Success Shift,Success Shift — part of the EBOOKS collection.,ebooks,{EBOOKS},,https://drive.google.com/uc?export=download&id=1oCFpkrQKNCMbAGMUn0jMK0n8MdZXEvaZ,,{},t,2026-03-11 01:08:56.130291+00,,,,,,https://drive.google.com/drive/folders/1hC_OTnAQ03zHZ6gxGvf2pVkQPv8jP362,,0
5eb8181a-e38f-4ad0-aa37-bbbf3b6c46db,ebook,Mighty Mind,Mighty Mind — part of the EBOOKS collection.,ebooks,{EBOOKS},,https://drive.google.com/uc?export=download&id=1NSGFZN1R4jeOF-xrQwQCjZ-NwgdB54L4,,{},t,2026-03-11 01:08:56.503618+00,,,,,,https://drive.google.com/drive/folders/1hC_OTnAQ03zHZ6gxGvf2pVkQPv8jP362,,0
d8a5d157-8f8b-4fc4-a8aa-fccf98134805,ebook,Virtual Networking Success,Virtual Networking Success — part of the EBOOKS collection.,ebooks,{EBOOKS},,https://drive.google.com/uc?export=download&id=170MgzyAOCG6X0TwpIHvgOwLd-0uXu-Dr,,{},t,2026-03-11 01:08:56.882379+00,,,,,,https://drive.google.com/drive/folders/1hC_OTnAQ03zHZ6gxGvf2pVkQPv8jP362,,0
2eda386a-290b-4c85-a50d-68f20435786b,ebook,The Influential Leader,The Influential Leader — part of the EBOOKS collection.,ebooks,{EBOOKS},,https://drive.google.com/uc?export=download&id=1qMIrjadGXdjeDiEKqD0Lw3OhLHYiZAlI,,{},t,2026-03-11 01:08:57.223689+00,,,,,,https://drive.google.com/drive/folders/1hC_OTnAQ03zHZ6gxGvf2pVkQPv8jP362,,0
447643d3-37e3-4239-bc06-936e3c5878d0,ebook,Facebook Marketing Influence,Facebook Marketing Influence — part of the EBOOKS collection.,ebooks,{EBOOKS},,https://drive.google.com/uc?export=download&id=11FHkb7KChCBxkcu6IBkxWVFweCN6SYOZ,,{},t,2026-03-11 01:08:57.580655+00,,,,,,https://drive.google.com/drive/folders/1hC_OTnAQ03zHZ6gxGvf2pVkQPv8jP362,,0
e136e25b-8bc1-40c8-8290-ecaadcd12bbf,ebook,Money Psychology in Business   Ebook,Money Psychology in Business   Ebook — part of the EBOOKS collection.,ebooks,{EBOOKS},https://drive.google.com/thumbnail?id=1W1DXO5JHHstMBVPhiTTYpJwnwklKZD0H&sz=w800,https://drive.google.com/uc?export=download&id=1pK8NNM5G7Ny6RKripmZF8gFFzv-8zoeC,,{},t,2026-03-11 01:08:57.920611+00,,,,,,https://drive.google.com/drive/folders/1hC_OTnAQ03zHZ6gxGvf2pVkQPv8jP362,,0
3fba6707-1f35-49f3-a7a6-a5b2be7af420,ebook,Boost Your Online Sales,Boost Your Online Sales — part of the EBOOKS collection.,ebooks,{EBOOKS},,https://drive.google.com/uc?export=download&id=1bwVSmjd4CrPIDH1asmTXyJpESCYSqZMi,,{},t,2026-03-11 01:08:58.267963+00,,,,,,https://drive.google.com/drive/folders/1hC_OTnAQ03zHZ6gxGvf2pVkQPv8jP362,,0
7c9fd9da-b6df-4dca-8519-f3f33df97689,ebook,Power of Email Marketing,Power of Email Marketing — part of the EBOOKS collection.,ebooks,{EBOOKS},,https://drive.google.com/uc?export=download&id=1By1faxvX8OjBSmATAoMs_KNDtMeB81lx,,{},t,2026-03-11 01:08:58.656881+00,,,,,,https://drive.google.com/drive/folders/1hC_OTnAQ03zHZ6gxGvf2pVkQPv8jP362,,0
2a6a7395-9366-4d97-a5e1-833c53cb041d,ebook,How to Run Effective Customer Interviews   Book,How to Run Effective Customer Interviews   Book — part of the EBOOKS collection.,ebooks,{EBOOKS},,https://drive.google.com/uc?export=download&id=1YhhDrMHmnm8Lo87PIWRsAgeACnUH0lTk,,{},t,2026-03-11 01:08:59.012623+00,,,,,,https://drive.google.com/drive/folders/1hC_OTnAQ03zHZ6gxGvf2pVkQPv8jP362,,0
bfc62789-4da7-4570-9a8e-5bba9cc51253,ebook,Webinar Supremacy,Webinar Supremacy — part of the EBOOKS collection.,ebooks,{EBOOKS},,https://drive.google.com/uc?export=download&id=1IGTpyAHDxPIBu25-f8QJo9V3VDaVvNiH,,{},t,2026-03-11 01:08:59.359243+00,,,,,,https://drive.google.com/drive/folders/1hC_OTnAQ03zHZ6gxGvf2pVkQPv8jP362,,0
d794aa92-a407-4154-b719-0ab7080712ed,ebook,Email Marketing Metrics   Book,Email Marketing Metrics   Book — part of the EBOOKS collection.,ebooks,{EBOOKS},https://drive.google.com/thumbnail?id=12xmEu2HCy1t-pJO7EmNHl2vGmwSqmI7S&sz=w800,https://drive.google.com/uc?export=download&id=1QAcl2--S28XHJzhWx7PoMv84WSv05r7l,,{},t,2026-03-11 01:08:59.758963+00,,,,,,https://drive.google.com/drive/folders/1hC_OTnAQ03zHZ6gxGvf2pVkQPv8jP362,,0
8e69b5e1-5103-4075-add4-5b0d905315ad,ebook,SEO Domination,SEO Domination — part of the EBOOKS collection.,ebooks,{EBOOKS},,https://drive.google.com/uc?export=download&id=1p8S-DjQcnGvIbYvRc_E1NK6YT1FyGMDu,,{},t,2026-03-11 01:09:00.090615+00,,,,,,https://drive.google.com/drive/folders/1hC_OTnAQ03zHZ6gxGvf2pVkQPv8jP362,,0
d94e8eb7-365d-49b9-8ca3-59e928195905,ebook,Personal Branding Expertise   Book,Personal Branding Expertise   Book — part of the EBOOKS collection.,ebooks,{EBOOKS},,https://drive.google.com/uc?export=download&id=1qjNcS8seHX1FRp0uTTwZXZPIInC-2c5p,,{},t,2026-03-11 01:09:00.437898+00,,,,,,https://drive.google.com/drive/folders/1hC_OTnAQ03zHZ6gxGvf2pVkQPv8jP362,,0
7d2c398e-7ea4-4194-8211-e23074711288,ebook,Business Outsourcing,Business Outsourcing — part of the EBOOKS collection.,ebooks,{EBOOKS},,https://drive.google.com/uc?export=download&id=1l6aOpIIJEP879klKldvjDBJVUZYK2Oc-,,{},t,2026-03-11 01:09:00.783793+00,,,,,,https://drive.google.com/drive/folders/1hC_OTnAQ03zHZ6gxGvf2pVkQPv8jP362,,0
f1521da7-ddd1-4987-af06-54390723faae,ebook,Conquer Procrastination,Conquer Procrastination — part of the EBOOKS collection.,ebooks,{EBOOKS},,https://drive.google.com/uc?export=download&id=1RT8ZXbenu7NL8aef8hx5u0SMd9hmhDxY,,{},t,2026-03-11 01:09:01.122599+00,,,,,,https://drive.google.com/drive/folders/1hC_OTnAQ03zHZ6gxGvf2pVkQPv8jP362,,0
a3fbb94b-1aeb-4d3e-a21a-dc6578d07217,ebook,Necessary Online Business Tools,Necessary Online Business Tools — part of the EBOOKS collection.,ebooks,{EBOOKS},,https://drive.google.com/uc?export=download&id=16SZfiCC1NjTRRnnsWebNqQyxbPrsutft,,{},t,2026-03-11 01:09:01.44976+00,,,,,,https://drive.google.com/drive/folders/1hC_OTnAQ03zHZ6gxGvf2pVkQPv8jP362,,0
29591701-4531-4b58-b5e2-3fca059e35ef,ebook,Confidently Close Every Call   Book,Confidently Close Every Call   Book — part of the EBOOKS collection.,ebooks,{EBOOKS},https://drive.google.com/thumbnail?id=1m0fo6z1CHygN9XivTm0DVBtuNLfVE_pJ&sz=w800,https://drive.google.com/uc?export=download&id=16i_o_s5HgPH0XyD-TkZx0vLL3R02i3qQ,,{},t,2026-03-11 01:09:01.79485+00,,,,,,https://drive.google.com/drive/folders/1hC_OTnAQ03zHZ6gxGvf2pVkQPv8jP362,,0
4f13693b-046b-4471-9464-84fcea127f60,ebook,The Side Hustlers Blueprint,The Side Hustlers Blueprint — part of the EBOOKS collection.,ebooks,{EBOOKS},,https://drive.google.com/uc?export=download&id=1o-Etkr1IUtbxqCar3JFUQxS4VyWtOqfm,,{},t,2026-03-11 01:09:02.1522+00,,,,,,https://drive.google.com/drive/folders/1hC_OTnAQ03zHZ6gxGvf2pVkQPv8jP362,,0
d203222c-502b-45a5-b40b-784845df7bed,ebook,Long Form Content Mastery   Book,Long Form Content Mastery   Book — part of the EBOOKS collection.,ebooks,{EBOOKS},,https://drive.google.com/uc?export=download&id=1UcuhXN7qhQ7aEs45VhM9Lq4fwIjOgwWa,,{},t,2026-03-11 01:09:02.510231+00,,,,,,https://drive.google.com/drive/folders/1hC_OTnAQ03zHZ6gxGvf2pVkQPv8jP362,,0
